Video  No,Video Title,Video Link,Video Slot,Transcription,Timestamps,Information,Quotations,Speaker Name,,Video Length,Priority,Topic,Video Start Link,Video End Link,Generic Info,Citation,Video Quality
,,,,,,,,Team Member,Non- Team Member,,,,,,,,
1,Year-round crop production without irrigation,https://youtu.be/B9gjgKTn8Co?si=3n8sl5XNj8jPlQGh,Slot 2,"When we look at the natural system of farming, which is a picnic, and the other principles of the picnic, we have started adopting them, such as plowing, walking in water, not letting the land drown, and keeping the land covered with organic mulch.",00:00–00:23,Direct Info,Quote 4,TRUE,FALSE,16:55 min,Medium,Nature's Irrigation System for Plant Growth,Start,End,General information.,,Lectures 
2,Introduction Of Agriculture Land | How To Prepare Land For Agriculture ||,https://youtu.be/dE_Zu08bgzQ,one and two,if we saw on the natural system then the lands which are above there are trees and other crops and the  land which are below there is water so if do the same work in our lands then we can grow a many crops and and we can get profit.On the other hand  now we make fields and we are growing the crops below and the cornor of the land is big and when we give the water to the crops then water stop on the land for this the insects  those are helping to to growth the crops if we drowned the land in the water then these insects are died and the crop will not ive good result. If we buy the seed with minimum expenditure  and we give  the environment to the plant then we can get a batter result first of all we should now that what thing is required to the planet if we give the water and fertiler then we can get a batter resualt and the crops will have a good neturation and the they will taste this is also good for the peopls health   ,start 00:28/ end 41:25,,,,,,,,,,,,
3,Why Plants Require Water : Punjabi Voice Note of 2 minutes --- Year: Not Known; Location: Pakistan .wav,https://drive.google.com/file/d/1DpZm480V6E_02XOHUQ7i4SZnFfS8QVgd/view?usp=sharing,,Sustinable Natural Farming System Paader Quadartti Nazaam Kashatqari (PQNK),,,,,,,,,,,,,
4,PQNK training part 1.1,https://youtu.be/R6fShH2rghU?si=AFQjCFprlX1dVINF,Slot one  two and three,"We can havrvest more and more crop with minimum expenditure accordoing to the america studies the food which are we eating  the neturation is decrease 70% to 80% therefore we are  hunted different disease  so our challenge is that we produce more and more crop with small expenditure like this the price of the honda sivic is very high if we buy the the same car on to the price of suzaki like this we have to grow the crop with small  we grow  the crop with the minimum expenditure and harvest more and more crop    raised bed  no till, and organic mulch are thh PANK principle that reconnect natural provision & system with plants  if we have a garden like the orange garden and graphes and other fruiats garden then the space which is between two trees there we can grow vegetables seasonal vegetables and other vegatables and we can also grow the fruits like melon and other fruiats. the seed. If we buy the seed of he crops or fruits then we give them the good enverinonment  and we give the fertlizer and we give the water to the crops on the time and  we should know that what thing is required now to the plant. there are three principle in this first if we don't distrube the land second if we don't drowned the land in the water and third if we don't leave the land naked if we can do three these work then there is nothing we have to give fertilizer and and we have to not give any input with out water because water is important for every crop  and only we have to grow the crop and harvest the crop in the year the thing which will be more taste they will have more neturation. Because if we saw  before  40 lac years ago there was no man in hte world  the  plants and the crops and the fruits and the vegetables are comming since and  before there was not irragation system and there was no fertilizers so  the  crops whcih are growing with out any fertilizers those are good and they are more more taste and they have neturaiton",Start 01:47/ End 05:06   start 07 :30 End 08:42 Start 09: 33/ End 13: 42 Start 15:17 End 20:15,,,,,,,,,,,,
5,PQNK training 1.5,https://youtu.be/lNluDMl9NAo?si=4InhZQkFom3ONNoq,Slot One two, when the   people invent the thillage plough  this is not good for the  land because for the insects those are helping to growith the crops those are shaking because after the second world war those were used for making the tank and other machineries for war they started to make the tractors and other machinersof  for the crops and the companies those were used before for making the bombs  they statered to make the fertilzers   this system is not good because it disconnect the system between the planet and the land  and for this the insects are are not come in their place. If we say on the amazon forest this is  big forest in he world which is providing the oxgen in the wrold and  and this forest is green and there is no fertilizer and there is no one who is ploughing the forest land but it is green due to the natural system  like this if we do the same work in our fields if we provided  the water to the land on the time. The water is required to the planet like  a blood pressure . If the blood pressure is hingh in our body they we sick and if the blood pressure is low in our body then we sick like this if we give the water to the planet more then the planet is not give good result and if we give the water to the plannet less then the planet will not give good result we have to give the water to the planet in everage not  more and less.  If we saw in our lands our lands are below and   the cornor is big and we give the water to the lands this is not good for our lands and it also decrease the producation of the crops and  if we are getting  the food from these lands they food  will have netruation so we should we fallow the natural system for getting a bater result,Start 03:33 End20:45,,,,,,,,,,,,
7,PQNK training 1.4,https://youtu.be/kkTrZw9zjEE?si=PpP3DDJgnNre6vRu,slot two ,Our life is Connected with the land the land is like a cow when we give the feed to the cow then the cow give us milik like this we have to give the the fertilizers and   water to the planet and we don't know what thing is required to the plants the mycros give the feed to the planet  in the balance form.,Start 00:00 End 18:40,,,,,,,,,,,,
8,Tackling the Sunburn Challenge in Citrus Fruits,https://youtu.be/whLlM8H4Zq0,Slot one and two ,"There are  things those are important in PQNK. First of all in the PQNK the laser  leveling is very important  for the land  and the laser laveling is a process of  flattening or grading the surface to the land  to a desired level using  a laser-  guided system.  This system is helping to acheving a very high level precision- often with in + 2 _ cm -compared to the tradation land  leveling system.  And the Seconed thing is that breaking heardpan is very importan in the land. Because when we plough the land  then the ground soften to the top five or six inches and undeneath it, a structure is formed, a layer is formed, just like a linter. This is very important for the crop the land should be soften 12 or 13 inches because the roots of the crops is going away and they  absorption water. And for doing this there is a little chance of the crop falling from the strom and rain so for this it roots became hard and the crop growth fastly. And the third thing is bed narrow in the PQNK system  bed rasied system is very important.  A bed raised is a long, narrow strip of soil that is raised  above the ground level 2 or 3 inches. on the both sides there is narrow. And this narrow  is used  in the for the water and it also help in the  rain it have a space to stop the water in his narrows and it help to growth the crop fastly. And in PQNK first time we face difficulties because we make our land useless with the thillage plough and by using fertilizers and other systems therefore our land is not be able to absorption the water. Therefore we give the water of the crops again and again in the first we have to give the water  again and again but after one or two years in the PQNK system the land will able to absorption the water. Seed to Seed distance in the PQNK system  if we are growing the seed on the bed system  then first we check the earth's axis. We have to grow the seed in the between we have to not grow the seed on the top of the earth and we have to not grow the seed under the gorund because if the seed will on the top of the land then the roots of he crop will week and it can be effected with the rain and with strom and if we grow the seed under the ground then Maybe the seed will not generated so we have to grow the seed in beween.We should harvest the crop by those machines those  do not  effect the bed system. After harvestin the crop we have to maintan he beds in future because and we do not plough the land and beds. Our main target is that in the PQNK that we can produce the more and more crop with minimum expenditure. And on the bed system we can grow all the crops like rice wheate peanut and checkpea we can all  crops. New farmers PANK do a mistake, by planing in dry soil  and after drying to seep  moisture  in beds. However they never do it when plant  conventially. How ever treate the first crop as it transition for trouble free conversition. PQNK is only remedy to metegate all the issues to sustain life. And we start the PQNK system from one acre or two first we face diffculties but there is not sulation with out PANK to  improve our land and and reduce the water and this is one best way where we can procuce a lot of crops with minium expenditure.",Start 1:50 End 22:10 Start 24:19 End 26:36 .,,,,,,,,,,,,
9,Tackling the Sunburn Challenge in Citrus Fruits,https://youtu.be/nHbUevdjodU?si=bPzNMziBcCT4U-yI,slot two ,When we used the PQNK system then it also increase the taste in the citrus and first year maybe there some citrus will effect with the heat of the sun but maybe some of the citrus will effect with the heat but after few years when the soil will improve then the citrus will reduce to bad so if in the first year if the year if the deteriorating then we have to make a shadow for those citrus those are effecting wiht the heat of the sun but there were few those citrus will effect those are out from the leaf of the planet but there were four or four citrus those will effect in first year ,Start 00:00 End 3:50,,,,,,,,,,,,
10,Useful tools,https://drive.google.com/file/d/1-zuQT_AqoMvgB1avllM5L2jRB0cMEZhR/view,,Here there are many tools those are telling what machine is use for growing the seed and where we should use the machine for the harvestig and  these tools can save our lot of time ,,,,,,,,,,,,,
11,Yield vs Profit - Wheat,https://youtu.be/sS40004xc-o?si=_KhjoYBmUC82pM1d,slot two ,"our mind set is often geared towards evaluating success or failure based on crop yield.  However, it's important to shift our focus towards assessng the cost of procuction and the quaity of he funal procuct.  These factors are key indicators of the overall success and sustainability of production agriculture. how many money we are spending on our agriculture system is this system is giving us profit or not ",Start 00:00 End 06:50 ,,,,,,,,,,,,
12,Cost of transition from conventional to PQNK - The Natural Ecosystem Science,https://youtu.be/Fk-ss3l-eSo?si=4ZePmysmEGkAB2RP,slot two ,When we change the land and we starting to fallow the PQNK system.  Then the cost per acre is about six  thousands rupees and   there is littel water need in the PQNK system and we should give the water  those time when the crop offer the water it tells from their leaf form thier colour that what thing is required to the crop. And the other thing is that it's depends on the land is sandy then  there water is needed more  and the land which is mix wiht the sandy and clay then there water is reqired  there little then the sandy land so it's denpds on the land. And the good thing is that after growing the land we cover it. For doing this the land will remain cool  and good.,Start 00:00 End 04:30 ,,,,,,,,,,,,
13,Year-round crop production without irrigation,https://youtu.be/B9gjgKTn8Co?si=GOdpxnV69gk9Xd-Y,slot two ,"if we saw on the natural system fourty lac years ago when there was no one in world but this system is comming and if we saw on the amazon forest  there is no one there who is giving water to the plants  but  the amzon is green. If we fallow the natural system then if we growing the orange then there are many disease are come on it and we use fertilizers and other things but fourty lac year ago there was no one who is give the fertilizer to the orange. Like this if we fallow the natural system then we can get a batter result and with menimum expenditure.There are three steps  in the natural system to give the water to the plants first is rain and second is dew and third is humidity. Places where rainfall is low there will be a lot of dew and the places there will be dew low there will be  a lot of the hmidity so  this a  natural system. There are several supporting mechanisms that ensure an edequate water supply to plants in nutral  ecosystems. These mechaisms work togater to capture, store , and distribute water to plants. Organic mulch plays an imporant role in obsorbing water from rain, dew, and  humidity in the air, storing it, and retaining it in the soil for plants to grow throughout the year.  Water shortage is imminent at this time when we distrub the land",Start 00:00 End 16 : 45,,,,,,,,,,,,
14,Why Plants Require Water : Punjabi Voice Note of 2 minutes --- Year: Not Known; Location: Pakistan .wav,https://drive.google.com/file/d/1Si6lLP1NHD30FIQYRv-yeHZ5HJCqyZcz/view?usp=sharing,slot two ,Water is very important for the plants. As in our body the blood is very important wiht out blood we cannot live. So like the plants cannot live with out water we don't  know that how many water is required to the plants. Micros are giving water to the plants in the everage form. ,Start 00:00 End 02:06,,,,,,,,,,,,
15,"Compost making, uses voice & farmer comments",https://youtu.be/C1381wa2Xr4?si=USYcUsWu9o42_-SG,Slot two ,"Compose is not a fertilizer, feed or mixture of plant nutrients. It is just an inoculum, may be used once to trigger the life in soil. 1/2 ton in an acre is more than sufficient. Conditions in soil will develop & sistan  soil biology that will provide minerals that a plant needs to produce opimally. To make an ideal compost,use plant residuce and animal dung. It should be put on the hardstanding in long swaths, like in picture. keep it moist and turm it frequently to cool temperature inside. It is matured, when all the material looks same / similar ",Start 00:00 End 10:00,,,,,,,,,,,,
16,Fertilizer application How we shoulduse the fertilizer Lecture of Asif Shreef Sahab,https://youtu.be/Uwnlri_oz7Y?si=hGicKP_0SHlRINBh,Slot two ,Basal at the time of seedbed preparation or seeding.. Broadcasting after germination. Side dressing with a machine..But  when mix the fertilizer with the flood irrigation water this is one of the best way to give the water to the fertilizers to the crops or plants because on this way there is little chance to waste the  fertilizer. In the other methods the fertilizers are waste. If we are giving fertilizers 30 kg then the 20 kg fertilizer will waste. We have to give the fertilizer to the crops or plant  when the fertilzers will need. The plants leaf or crops  tells what thing is required now them. we have  spray the crops or plants early in morning or evening time so that the fertilizer stays on top of the leaves minimum half hour so that the leaf will absorption.  The spray nozzle should be such tthat it neither prduces larg drops it should be produce small drops because when big drops do not stay on the leaf they down  and  they wasted and small drops do not waste and they stay a  on the leaf few hours and the insects harmfull insects died. ,Started 00:00 End 09:30,,,,,,,,,,,,
17,The Four Fundamental Principles of Natural Soil Fertility and Vegetation,https://youtu.be/r2PNPn6q1U4?si=pZoE9tCyNQIZLCm4,Slot two ,"The four fundamenal principles of naural soil fertility and vegetationare: Aviod waterlogging of the soil. his can lead to the death of microbes and teh loss of nurtrients: do not distrub the soil Tillae can damage  the soil structure and release  carbon dioxide into the atmosphere: Cover teh soil with orgainc mulch Mulch can protect the soil from crosion, retain moiaruew, and moderate soil tempeture, which is nexessat to maintain organic mater in the soil and provide a good environment for microbes to fundtion.: promoto biodeverisy. A diverse range of plant and animal species helps to maintain healthy soil ecosystem.:",Started 00:00 End 03:00,,,,,,,,,,,,
18,Revival of soil life by following PQNK - the natural process,https://youtu.be/tUtUZTknQGY?si=oUcyQfKRlo5yKKGQ,Slot two ,If we fallow the PQNK system then there are many insects those are more helpful for the crop. In the PANK only we have to grow the seed and we have harvest the crop. The insects are those those growth the crops but when we  plough the  land these insects died when we used the fertilizers. So we have to increase these insects and first we did't plough the land and we have to cover the land for this the land will cool and the insects will increase so this one of the best way to produce more more crop with out any cost. ,Start 00:00 End 10:00,,,,,,,,,,,,
19,PQNK and Conventional comparison of Wheat,https://youtu.be/Cgav5LjmcOM?si=fT9mxBnH0XwOf1AU,Slot two ,Grow the Whate with the PQNK  system beacuse if we grow the wheate with PQNK then can get profit without any cost and we did't not plough land in this system.,Start 00:00 End 01:03,,,,,,,,,,,,
20,A comparison of conventional and PQNK sugarcane,https://www.youtube.com/watch?v=zB_JET7O-o0,Slot two ,If we compare the crops those are growing with out PQNK by poughing the land and by using the fertilizers those are no good and the crops which are growing with the PQNK system those are good and their colour is good and they have more nutration  these crops are good for our health. As shown in the vedio ,Start 00:00 End 02:20,,,,,,,,,,,,
21,Experiences In Initial Phase: Case Study 1,https://docs.google.com/document/d/1N-9S7fgxEyGM-srCW43Hsly6iWdxhab_k92n_-kGEhQ/edit?usp=drivesdk,,"In the start we will face some difficulties because our insects are died and when we plough the land with the tractprs and when we use the  fertilizers beacuse there is poison in the fertilizers  and when the insects eat they deid. So in the first year we will face some difficulties we faced the main problem of improving the soil. A person after fallowing the PQNK syatem he faced three difficulties.He faced the manin problem of improving the soil. The soil was was saline. He used 100 bags of gypsum per acre and one ton poultry waste per acre to cure  the salinity problem. He also faced the problem of pests in the starting weeks. But after 2 weeks they were authomtically eradicated due to the nematodes that were a result of PQNK. He was grown many crops like Gourds, garlic, wheat, Okra and many more ",,,,,,,,,,,,,
22,Experiences In Initial Phase: Case Study 2,https://docs.google.com/document/d/1-2ZhUIQX24r5RzV-BcYg7WWhaPKKx8oMeQFXet9AvIk/edit?usp=drivesdk,,"A man lived in chakwal ch.ammer he started grow the crops with the PQNK system. The problmes which he faced in first year is that: The main problem that he faced was rasing awareness among the people around him. Another problem was arranging the tools and ,achinery. He got them from distant areas especially chisel plough and bed shapper. He said that he started expecting earlier. But the land takes some time to recover. For that he grew cover crops. He was grow many vegetables like onion, redish and cualiflowers etc. ",,,,,,,,,,,,,
23,uava on PQNK,https://youtu.be/38MUC6h--Uo?si=B0vKNFtWdC6cql6w,Start 00:00 End 02:30,"A man said that he grow the Guave before with out PQNK  but it result was not good and he was grow the Guave one year but his result was not good and the water seemed too much. So he shift the all the system on the agricuture system now his land is cool and Indeed, the earth is dry on top, bt there is plenty of moistture in the lower part of the earth. ",,,,,,,,,,,,,
24,Mr. Ashish Mehta share his success story of producing wheat crop using PQNK process.,https://youtu.be/SYRLPVb9Npo?si=1wEahcTGC8kpcAE6,Start  00:00 End 03:00,Mr. Ashish share his success story wheat crop using PQNK process he said that the PQNK system is one of the best system beacuse   it save a lot of money it save a lot of time and it save 80% water. The thing is required to the crop is that moisture.  If we grow the crops in the land and corner of the land is higer then the land and we give the water in the form  of the Flood then the insects those are growth the crops those die and for this we cannot get the good result.,,,,,,,,,,,,,
25,A Success Story: How a Young Educated Farmer Thrived in Wheat Cultivation,https://youtu.be/NhIABayx5SM?si=RggIlJgEneac_QQ0,Start 00:00 End 08: 25,There are many peopls those are success when the fallow the fallow PQNK. It also save our time and it save our water and it save our money and it is more profitable then other crops because when we grow other crops then their expenditure is high like when we buy seeds and when we plough the land and and other fertilizers expenditure so  these crops are not more profitable and these crops have not nutration more than  the PQNK crops.,,,,,,,,,,,,,
26,"PQNK A Comprehensive Solution for Agriculture, Health, and Climate",https://youtu.be/kM_6QBw8C-k?si=luJ08uyD3dGQf-Ue,Slot two,"Agricultural Benefits: Addresses water scarcity and axcess water challenges. lowers production costs: no thillage, no agrochemicals, reduced water requirements, Improves produce quality wih the highest nutrition density. Extends shelf life. Improves produce quality with the highest nutrition denity. Ectends shelf life. Enhances food security and sovereignty. Eases operation. Lowes risk. Extends production period. Creates jobs and retains youth in rural areas. Provides skills develment for respectful living . Alleviates farmer poverty. Health Benefits: Prevents Illesses. Mitigates Malnutrition and famine. Environmental Benefits: Replenishes aquifers . Reverses soil and ocean degradation . Reduces atmospheric water levels. Enhances carbon sequestration..",Start 00:00 End 01:10,,,,,,,,,,,,
27,Steps to PA:PQNK,https://youtu.be/naklRXVA7cE?si=X1L5vcLKDvno76UD,Slot two,If our land is not  be able to crop and there is lot of trees bushes and other useless spices those are in the land then fiest of all if we want to do start the PQNK system then we have to make a proper fields and level them then and we chenk that water is standing in the land and we have to make the beds system First we make one bed and we have to check by following the water in the fields if the water is standing drains  then we make all the beds in the beds system the  land should be level by this way  the water can stay in the drains. The thing which is required to our fields  is that humidity. If the humidity is in our fields than  our crops will grow batter. ,Start 00:00 End 9:20,,,,,,,,,,,,
28,Steps to PA:PQNK,https://www.youtube.com/watch?v=XHwdjn6cG4k,Slot two,Steps survey farm desining: Bulk shifting Laser leveling - Making waterways- levelling furrows for making longest fields with minimum soil disturbance: Deep plowing to break the hardpan: Water wash to leach down selts to lower PH : Making perment Raised bed: Planting cover crop for regeneration of soil : Roller-Crimping cover crop or slash vegetation/ residue: Plant cash rop with No-Till planter and tree combinations: Harvestin and replanting without disburbing beds/soil,Start 00:00 End 09:20,,,,,,,,,,,,
29,Four easy steps to convert from conventional to PQNK,https://www.youtube.com/watch?v=nxSe_V9MP4c&t=2s,Slot two,There are four steps to change the land in to the PQNK system: The first step is thatPQNK  is that: prepare the field for the type of irragation: Breaking the hardpean: Make perment raised beds: Plant crop after crop on parmenent beds. And after harvesting the crop we do not distrub the land and beds and we do not plough the land. We use the machine for covering  the land.If we fallow these steps then we can  produce a very good crops no input in this steps no need ot fertilizers no need of seeds. We can make seed by our self.  And  we can grow all the crops on beds like rice and peanut  and other crops. In this system we can save 80% water. ,start  00:00 End 07: 00,,,,,,,,,,,,
30,Soil Tests: A Tool to Drive Fertilizer Demand,https://youtu.be/Jl43hQVAccM?si=u6GSlj6VVIs3L15Q,Slot two,"Soil tests were introduced to boost fertilizer demand after disrupting nutural soil ecosystem and ecosystems and fertility principles.; Offered free of cost, soil tests highlight deficiencies cuased by industrial farming practies; What is soil test? a process measuring "" plant-avaliable"" elements (nitrogen phosphorus, poassium, calcium, magnesium, sodiu, sulfur. manganese, copper, zinx, ets) and pH levels. Based on the results,fertilizer rexommendiations are made, driving demand. Soil tests are a marketing tool for the fertilizer industry, convincing farmers of deficiencies while ignoring abundant, naturally occurring menerals. Microbes nutrually convert these minerals into plant-avaliable forms, maintaining a balanced ecosystem without chemical fertilizers.",Start 00:00 End 01:09,,,,,,,,,,,,
,Soil is the real wealth of a nation.,https://youtu.be/5Z_nIIwWKtU?si=1MDQCGyb7dUACtxq,Slot two,"Soil is real the wealth of a Nation; The most meaningful indicator for the health of the land, and the long-term wealth of a nation, is whether soil is being formed or is lost. If soil is being lost,so too is the economic and ecological foundation and which production and converation ar based; Soil Health Determines: Plant health. Animal health. Human health. Ecosystem health. And even the health of the ecosystem:TOP SOIL: Conventional Agriculture leads us to lose around 6 kg of soil per every 1 kg of produce. It takes 1000 years to form 3 cm (1.2"") of topsoil. Topsoil, which has supported life since time immemorial, was never plowed and hence protected. Our aim in Agriculture (CA) is safeguarding soil, the foundation of the ecosystem, and improving farmers' income. What Should be in Soil? Water&vapoits 25%- overall; Air 25%- overall; Organic matter5%- we have about 0.5%; Sand (largest) 40%-dry soil; Silt (finer)25%- dry soil; Clay(finest) 25%- ery soil: When the sand, silt, clay, and humas are each present in mentioned quantities, it is a good loam. Why do we plough soil? Seed requires 2 things for germination. Moisture that it gets from Soil. for this seed to soil contact must be firm. Warmth that it gets from Sun: for this we plant seed when temperature is favourable. We plow soil to improve seed to soil contact for better germination. And eradication of weeds. There is no other reason. How Seed Germinates? Seed composition.Embryo-live and second thing is that preservative-oil which protect the embryo and third thing is that  Food packet which protect the seed for a long if any time rain is come on it then it started grew and it can save the seed for a long time thousands years. When we plough the land then our land is disturbe and for this the insects that are growing the crop die. So we increase the insects.   And we can grow a batter crops with out any cost. A Unique Seed Environment; Creaes unique horizontal seed slot (most others are vertical). Self covers the sloths. Traps soil humidity in the slot in form of oiquied and vapour. Conserves 50-100mm (2-4"") soil moisture per year. Guarantees soil-to seed xontact. No slot-shrinkage problems.There are three types of land the best  land is that which can obsorb the land  and keep cool the land. And which have humidity. We can check land before growing the crop. First we took some soil, put it in a glass jar, and added water to it. if the water moves above the top layer of the glass  or top layer of the glass or is on top of the soil, then our soil is very good.if the water if the water goes to teh bottom of the glass, then there our clay is not good then it can called sand because sand particles are big than clay particles. But their solution is avaliable if we mix the sand and clay then it can more helpful for crops. And the water for plant is like blood to us- they are food carries. they dissolves food & takes it to each body cell, we have heart pupm blood, plants use Osmosis process! Plant roots prefer going to water rather than water coming to the roots Plant suffocates if water stands in the roots.",Start 00:00 End 46:00 ,,,,,,,,,,,,
,Breaking the hard pan correctly is an important step for PQNK,https://www.youtube.com/watch?v=iLfdE52aNws,Slot two,When we use the thillage plough then it is not good because it distrube the land  and it also spoil the level of the land. In the PANK system  we can use the plough which have which have only one plough  it is also used to breake up the structure of the earth's crust and when we use   before using this plough if  we fill water in the tyers then it is more batter.,Start 00:00 End 03:00,,,,,,,,,,,,
,Natural Methods for Hardpan Breakdown When Subsoiler Usage is Limited by Field Conditions,https://youtu.be/CdxeExsh60o?si=zY0J4kHdJg82MvnH,Slot two,"In certain scenarios, the proximity of orchard plants obsructs the passage of tractors through the rows. When faced with such challenges, manual intervention becomes imperative. To adress this issue, carefully hand-dug intervention becomes imperative. To address this issue, carefully hand-dug furrows can e established eitherbetween or just beyond the plant rows. These furrows serve as contolled conduits for precise water application, preventing inundation of the beds. Simultanously, encouraging the growth of weeds across the beds is advisable, over a span of three to sic months, the intricacies of nature's mechanisma come to the forefront. During this period, the commpacted soil layer, commonly referred to as hardpan, unergoes a transfomative process. This process is facilitated by a variety of factors, including the complex root systems of weeds and the active engagement of mycorrhizal fungi, alongside other vital life forms such as carthworms. Collectively, these biological agents play a pivotal role in disintegrating the hardended layer, thereby enhancing its receptivity to wate absorption. As a result of this natural progression, both the overall structure and  health of the soil experience signficant improvement. By embracing these methodologies, the chalenge posed by compacted  hardpan can be effectively mitiged. These practices harmonize with the environment's inherent processes, exemplifying a sustainable approach to soil enhancement, efficient water absorption,and the replenishment of aquifers. ",Start 00:00 End 04:00 ,,,,,,,,,,,,
,No till precision planting of Sesame on PQNK,https://www.youtube.com/watch?v=QRmdxOomF1k,Slot two,In the PQNK system We can Grow all the crops only we have to grow the seed and we have to harvest the crop and this also save our 80% water we have to give few times it depends on the crop that what thing is required to the crop so we also increase the numbers of insects those growth the crops.,Start 00:00 End 00:50 ,,,,,,,,,,,,
,No till precision planting of rapeseed following PQNK process.,https://youtu.be/G4KD24nHw60?si=DKosEyXAdRefbHZC,Slot two,No till precision planting of rapeseed fallowing PQNK process. After havrvesting the crops  and we do not plough the land  when we will grow the seed then first we have to finsh  the herbs. And the the herbs should not above from the crop because there are two things are required to the crop first is light of the sun and other is water. From these two things the crop groth. ,Start 00:00 End 03:00,,,,,,,,,,,,
,No-Till raised beds precision planter for PQNK applications,https://youtu.be/rsofJHbu0r8?si=Vq5ddIU6_xDtiMdN,Slot two,No till beds precision planter for PQNK application. This system save a lot of time  and this systmem can save our lot of money if the workers are doing work in 100 hours then if we fallow the this system then this work we can do in 25 hours and this system save 90% 80% water. So  no way to get profit from the agriculture system because now days the seeds and the fertilizers are expensive and the tractors expensive and the diesel is expensive and day by day the the diesel prices are increased. So if we fallow  this system then we can get a better food have a nutration and we can make profite from this system.,Start 00:00 End 01:30,,,,,,,,,,,,
,No till Raisedbed Precision Planter has irreducible complexity,https://youtu.be/AQkQFPmqUUE?si=3C5BiUDSUdUo2hqb,Slot two,"Slit Insertion (No-till) Rased Bed precision Plante Demonstrating Irreducible Complexity: Functions;Planting all kinds of seeds on raised beds with regulated row-to- row and seed-to-seed distances using vafious cover crops and crop residuces. Complexity: Managing seed variations, including size, shape, weght, inert metter, and dust, while ensuring unifrom seed placement in moist soil at a consistent depth. Irreducible complexity: Handing residue build-up, which includes challenging residues shuch as rice straw (flexible, not brittle), wheat straw piledin heaps by combine harvesters, maize stalks, sugarcane and its strips, and various types of cover crops. This involves shredding and evenly spreading all residues on the beds, creating slits for planting shoes to pass through, cleaning planting shoea, adjuxing depth, and maintaining consistency across all slil conditions and bed tilts. Achieving seed singulation of both larg and small seeds and dropping them at regular intervals without drifting. Utilizing press wheels to press seeds from both sides to improve seed-tp-oil contact. Managing tractor imperfections, operator errors, and neglest",Srart 00:00 End 03:00 ,,,,,,,,,,,,
,Sizing Tyre with beds for precision agriculture on PQNK,https://youtu.be/T7J7AuvTawU?si=RzMu23QCg5tSWCQn,Slot two,When we shift the land on the PQNK system then the big problem is that how use the tractors because the tyers damage the beds because they are wide and they increase the  drainage. So the tractors tyers should be 9 inch because if we do change our land in PQNK then we have to do two works wiht tractors we have grow the crop and  we have to harvest the crop,Start 00:00 End 03:10,,,,,,,,,,,,
,Importance of permanent raised beds in PQNK,https://youtu.be/Zlz8bOeKImM?si=q-W-AjB8Cd3hbFhH,Slot two,"Advantages of permanement Raised Beds: Control traffic, reduced compaction. No water funoff, more water obsorption for consistent growth. Concentrated water-nutrients solution for optimal uptake Bio fasters water- nutrients solution for optimal uptake. Biota fosters in raised beds, no drowing. Biota fosters in raised beds, no drowing. Biota converts sustainable form of mineral levels in soil. Organic mulch moderate soil temperature, saves biota from extreme temperature, stop avaporation lose through xapillaries, stop salinization on slil surface. No-till planting proects network of mycorrhizal fugi, lower tillage costs, improve water absorption, infiltration and retention. Drain water in case of heavy rains. Roots enlarge to outreach moisture-nutriens solution, anchor plantsto aviod lodging in stormy weather conditions. ",Start 00:00 End 06:00 End,,,,,,,,,,,,
,Raised beds making for PA/PQNK,https://youtu.be/EJ2b2dTXdLg?si=-jOeNpk7MvygzkT0,Slot two,"Massey Ferguson Bed Shape Planter: Functions; Froms raised beds and furrows in one pass. Used for; Wheate, maize, cotton, and other row crops. Compatibility; Attaches to 50-75 tractors (standard 3-point linkage). Local Availablity; Widely used and distributed across pakistan. Manufacturer/ Distributor: Massey ferguson Pakistan/ Millet Tractor/ local agri dealers.",Start 00:00 End 01:00,,,,,,,,,,,,
,Type of organic mulch in PQNK,https://youtu.be/Hk1QAIRQdfQ?si=iY06xObMqhLW5xlI,Slot two,In the PQNK system  we have to cover the land because for the land will remain cool.   So if the temperature of our body increase then we sick. Like this If the temperature of the land increase then for this the crops effected. So the temperature of the land is very important in the PQNK. So in the PQNK  system we have to cove the crop.Mulch types in PQNK: Plant material from outside the field. Plant residue of the previous crop. Living mulch. Crimping cover crop.,Start 00:00 End 06:35,,,,,,,,,,,,
,Citrus on PQNK and mulching solutions,https://youtu.be/ldi4KnWkcJg?si=EJhUfjN8XyoYmOIw,Slot two,If we fallow the PQNK system the fruit will good and this fruits also have nutriation. So if we give a lot of water to the plants  and give the fertilizers then we sparay for different inestects  for this there is lot of money spend myabe the fruiat will good they hunted different disease there is lot of inects those are growth the crops those are giving food to the plants  so we have to increase them when they increase then will give them more food when they give more good then the plants and crops will increase the food which is produced with out any fertilizers with out any ploughing these fruits have also more nutriation like if we eat three apples those are producing with sprays with fertilizers and if eat the apple which is produce without any fertilizers and with out any sprays so one apple is more nutriation then three apples.,Start 00:00 End 03:30,,,,,,,,,,,,
,Mulcher machine at work,https://youtu.be/EGYx6E-O5Wk?si=jpd1fji3zOKgkzrS,Slot two,"Mulcher Machine at work: Mulcher at work - this is what is needed for  shifting to PQNK. This step ensures keeping roots intact for the infiltration of water and air, and also properly covers the soil with thick, fineorganic mulch, maintaining soil temperature and moisture. Mulch is a separate function; therefore, it requires a different machine. We comine two machines for precision planting for the best results:the mulcher and the planter. ",Start 00:00 End 00:26,,,,,,,,,,,,
,Mulcher machine at work,https://docs.google.com/document/d/1Ed_8hAK8sg8egpeHTLEw3SVITn40a26CudDt7vJ0F2A/edit?usp=sharing,Slot two,Smaller the dead much better i works to cover the area. It decorpses faster. Strong winds may below away very small sized daad mulch.,,,,,,,,,,,,,
,Irrigation methods and water management,https://youtu.be/8rEaJjBY6d8?si=f7G7hBWJ4-JltYNg,Slot two,"Irrigation methods: Water to plant is like blood to us (a carrier): it dissolve, carry and feed minerals to plant cells and evaporate:Gravity flow: flood, border. furrow, raised-bed; meant for flatlands. Pressurized flow: sprinkler, drip, subsurface; meant for rolling- land, sandy soil or water scare areas. Each method is site specific. Drip irrigation is considered is considered most efficient: It is not; it is costly, not suitable for many open field crops, is difficult to maintain by unskilled worker, reliance on agrochemicals for plant growth. Raised-bed method is more efficient, imporve soil fertilityl is cost effiective, easy to operate &manage -save over 85% water when soil is covered with organic mulch",Start 00:00 End 05:00,,,,,,,,,,,,
,Furrow Irrigation in sandy soil on PQNK,https://youtu.be/LrZwUR4nxGw?si=OasRL3nzKYPiXhGG,Slot two,If in there is lot sand in the our lands and we want to shift this land into the PQNK system. Sand particles are larg so there is a space between each other so the water do not stay between the beds. The water go down  from the roots of the crops are plants so if we mix the  clay on the top of the drainage then the water will stay on the top of the drainage and  humidty will remain in the beds.,Start 00:00 End 04:00,,,,,,,,,,,,
,Irrigation under PA/PQNK process,https://youtu.be/qm8_HARR8nY?si=OGLJOchZRXWTbl4Y,one and two ,That is system of PQNK that how we should give the water to the crops those are on the beds,Start 01:00 end 03:00 ,,,,,,,,,,,,
,Transplanting Rice on Raised Beds in Moist Soil,https://youtu.be/9MSzvQOmZbk?si=OxL9c_nh1SPjqjD7,slot two,"Transplanting Rice on Raised Beds in Moist Soila:  Many countries have acknowledged first step of the PQNK research (transplanting rice on raised beds in moist soil rather than in soil inundated with water), PQNK was presented for the first time at the international Rice Congress held in Hanio, Vietnam, in 2010. Thereafter, the ideawas taken up by various operators; some opted for furrows, while other chose irrigation with a drip system. However, they have opted for plastic mulch rather than organic. Organic mulch is one of the fundamental rules of the PQNK process. PQNK prefers planting seeds rather than seedlings, using the SIPP (Slit Insertion Precision Planter- No-till Planter). It offers many benefits over transplanting.",Start 00:00 End 03:00 ,,,,,,,,,,,,
,Sugarcane Seed requirment and Planting method on PQNK,https://youtu.be/eBjFRF7w4tI?si=t9BcWrEsJtBXZCs6,slot two,We can also grow the rice on the beds with PQNK system because when we grow the rice in the land and we give the water in the form of blood then the insects those are growth the crops those die and therefore we use the different fertilizers and sprays and out crop feel lack of water and out crop hunt different disease so when we grow the rice with PQNK system then it save our water and we do not need the  fertilizers and spray's. PQNK system is also save our alot of money and save our time. And we can earn good money.,Start 00:00 End 01:00,,,,,,,,,,,,
,Sugarcane Seed requirment and Planting method on PQNK,https://youtu.be/jcpYul_HtyI?si=GnUT1ULCpLtL11MH,Slot one two ,Complete system of the PQNK of the sugracane. So in the PQNK system we have to make a small hole and we have to grow only one seed of the Sugracane and from one Seed we can make 18 seeds with out any cost and with out any fertilizers.,Start 03:00 End 06:00,,,,,,,,,,,,
,PQNK Planter planting No Till wheat seed on beds,https://youtu.be/DupAxKSXLcI?si=OcTxqkmnNhmvOmff,slot two,We can grow the wheate on the beds system we have to grow the wheate seed with mulch and we have to give the water to the crop it depends on the clay  how many capacity  the clay have to cool the land. The humidty is required to the crops if the hmidty is in the land the crop will grow very soon.,Start 00:00 End 03:00 ,,,,,,,,,,,,
,Wheat sowing on permanent raised beds by following PQNK process,https://www.facebook.com/share/v/18ytL1vZvt/,slot two,pernment raised beds by following PQNK process.  We have to grow the wheate seed and harvest the seed and we have to give the water if the rain not come we can judge from the  colour of the crop that what thing is required to the crop and we have to harvest the crop and we do not need to plough the land and we do not  give the fertilizers to the crop.,Start 00:00 End 01:00,,,,,,,,,,,,
,Seed placement with low soil disturbance,https://youtu.be/7HK6CVpvtDg?si=jjQ_M9FCLjN4DrnK,slot two,"Low soil disturbance: True low-disturbance one-pass no-thillageplanting. Accurate seed to seed distance. Confines soil disturbance to sub-surface. Soil biota, a plants' FOOD factory. Micro-organizisms and worms takes over ground and bring it back to life . No-till planting system- A Unique Seed Environment. Creats unique  horizontal seedslots. Soil covers the seed authomatically. Traps humidilty in slot inform of liquid&vapr. Conserves soil moisture. Seed ermiates even in low moisture conditons. Guarantees slil-to-seed contact",Start 00:00 End 07:30,,,,,,,,,,,,
,Why adaptation of PQNK is felt hard?,https://youtu.be/whLlM8H4Zq0?si=f32F73ZJoo4qAhFK,slot two,"Why adaptation of PQNK is felt hard? What is, considered difficult in PQNK and differs with ACI. Laser levelling: ongoing since1985, no issue. Raised bed making: Proper shaper is not available, everywhere, however potato ridger can be used as a subsittute. 1ST time plannting.; Moisture absorption to the bed center is due o poor water absorption capacity of soil, Solutions are explained in lecture. Planting in mulch covered beds. Hand dribbler and no-till precision planter; Maintaining seed to seed distance for good crop stand. Precision planter place seed at accurate seed at accurate seed to seed distance. However, crop stand depend on seed germination rate and its placement in soil. Irrigation: Frequent periodically is our mindset. We always over irrigate, which is more harmful than scarcity. Harvestin; Harvesting operators are reluctant to harvest, reaper is a immediate solution. Wheel adjustment of the harvester to fit in required. Maintaining beds as a perament feature. Bed renovation is required, every few years. PQNK  is the process designed by Allah, for every place and every kind of plant. PQNK is a solution to regenerate soil system that works everywhere for every crop.",Start 00:00 End 19:00,,,,,,,,,,,,
,Weeds issue in corn field on PQNK,https://youtu.be/kybl2ssAXBo?si=7wXiK-XYN2Qb2NAE,slot two,When we grow the crop on the PQNK system then first year we face difficulties but of the herbs will produce  we have to cut them.The herbs those are big we have to cut them because there are two things which are required to the crop light of sun  and water. The herbs those are small from the crop those are not dangrous for crop because these herbs are covering to the land. so on the PQNK system there is small chance to come the diease on the crop. If the disease is come on the crop then our mulch system not good out PQNK system is not good.,Start 00:00 End 02:00,,,,,,,,,,,,
,Q&A Innovative Solutions for PQNK Farming in waterlogged soil,https://youtu.be/oPkXzrr2Q4I?si=wWy2YtmgdVxPpX3_,slot two,There are many areas where the flood is come in every year and effect the bed system. In many areas the rain is come a lot and it effect the bed system. We check in one year that how many rain come in one year. So if the flood is come every year and our bed hight is 2 or 3 anches then we should increase the hight beds. And we should also grow the profitable crops. Because we can grow all the crops those  one the beds.,Start 00:00 End 06:00,,,,,,,,,,,,
,Okara on PQNK,https://youtu.be/LM75yP0WmzI?si=XHqb3Ei2aI5CB5WZ,slot two,We can also grow the okra on the beds with PQNK system. And the okra which is produce with PQNK system have more nutration and also taste and more helpful for our health so we should produce crops without any cost. Because when we give the fertilizers to the okra then insects die. And the fertilizer is a posion. ,Start 00:00 End 01:40,,,,,,,,,,,,
,Cucurbits vegetables on PQNK,https://youtu.be/ja7o2fRXGv0?si=kXRBlwtAI6FGIrDN,slot two,We can also grow cucurbits on beds form the PQNK system. So we grow vegetables on beds then we do not give water in one day or again we have to give water only those time when the crop or vegetables will ofter  we can judge from the colour of the crop that what thing is required to the crop or vegetables. If the Cucurbits roots are big then we have to cut them only those roots which have not cucurbits. ,Start 00:00 End 05:00,,,,,,,,,,,,
,Tomato 🍅 on PQNK,https://youtu.be/A1078HeHzx0?si=mTR3WRpGD1-ZTTLr,slot two,"A farmer from India reports that: He planted tamato crop on matured beds, in between the cucumrbits. It is an open field for multi-croping. Only one irrigation at the time of sowing. No fertiliser is applied. No pest or disease ptoblems appeared, so no application of poisons. Average Yield per plant is 10kg. Average yield pr pnat is 10kg. Size is over 200g per fruit. Fruit is spotless. Shape and color is the best. Taste outclass, buyers are playing extra. Shelf life of the fruit is more than double.",Start 00:00 End 02:30 ,,,,,,,,,,,,
,Chillies 🌶️ on PQNK,https://youtu.be/qv_6M4DOgkA?si=tXwzPQLZzYcmTMlq,slot two,"Chiilies on PQNK: Chilly is a perennial plant. which means it can be grown around the year.One plantation can live a long as 15 year oreven more, only trick is to help the plant sustain in winter. PQNK is the solution. Collapse of soil system has made chilly crop dependent on feritilizers, which invite sucking insects and virsuses. When soil is recovered by following PQnK steps, nothing is required for a good yield. Laser level the field, make longest fields, break hardpan by subsolier,at least 26 inch deep, water wash the filed. Make 42'' beds, 8'' to 10'' wide to accommodate tractor pass through and for water supply drainage. Irrigation regime should be replaced wih soil moisture management, for germination as well as to keep plants close to the wilting point, Water management will make you succed in getting highest yield, best quality at the lowest cost. Germination of chillies seed depends on quality of seed, check germination rate to adjust seed dropping up in the hill.  Best row to row distance is 26'' on both sides, 8'' away from edge of the bed (42-16=26'') and 8''+18''=26. Plant to plant distance is proposed at 12'' or 16'', depending upon variety and soil type, Plant growth in loan soil is more. (space at 16''_13,200plants per acre)than in clay (space at 12''_17,600 plants per acre). New beds should be well covered with (3''-4'' mulch, 2 to 4 weeks before planting seedwith no-till precision planter or hand dribbler, If transplanting is preferred, dribbler is suitable to plant seeding through the mulch. Getting number of plantsat the proposed distance is the major tast. rest, is to rest,. If PQNK steps are properly followed, plants will have no mineral deficiencies and there won't be weeds, pests or disease. Transplanting is meant to save time, placement of small seeds in open field soil and moisture management.",Start 00:00 End 17:00,,,,,,,,,,,,
,Organic-Approved-Pesticides.,https://canr.udel.edu/wp-content/uploads/sites/16/2019/11/20151925/Organic-Approved-Pesticides.pdf,,There are many pesticides those help to grow the crop but when we plough the land they distrub and they die and when we use fertilizers then they die because is the fertilzer is poison. And we spray  the fertilizers on the plants those are effected the fruits so when we spray then he insects those are helping to grow the plants then they die. PQNK system is one of the best system it increase the insects. Because when we will not give the fertilizers and when we will not distrub the land these insects will increase and only we have to grow the seed and harvest the crop.,,,,,,,,,,,,,
,100 % Natural & Pure White Kaolin Clay Fine Powder 100 Gram,https://s.daraz.pk/s.ZvysN,,Natural & pure white kaolin clay fine  powder 100 gram . Product details of 100% natural & pure white kaolin clay fine powder 100 gram. 100$ Natrual & pure white kalolin clay fine powder 100 gram.100% natural & pure whie kaolin clay fine powder 100 gram. ,,,,,,,,,,,,,
,Diatomaceous Earth Powder 200g,https://s.daraz.pk/s.ZvyHr,,Nature's most diverse product - diatomaceous earth is an amazing powder that can be used for a wide range of applications from health supplement to pet care. Take a look at some of our reviews for a more  thorough list of benefits and use cases.,,,,,,,,,,,,,
,Gardening Shop Karachi,https://digidokaan.pk/gardeningshop/product/182872,,If any pesticide attack on the plants and effect thier leaf then we can use the medicine horticultural. It also die those perticides which are dangrous for plants and for crops.,,,,,,,,,,,,,
,Kisaan Home,https://www.kissanghar.pk/product-details?name=Neem-Oil-Extract-For-Gardens-Insecticide-Fungicide-Miticide-100ml-Pyrethrins-&c=542,,We can buy all the agriculture machines online from   other cities with home delvery. It also our a lot of time  and it also safe money and we can we get good things.,,,,,,,,,,,,,
,Cinnamic Aldehyde,https://biopharmacy.pk/product/cinnamic-aldehyde-aroma-chemicals/,,This also used saving the plants and crops from different harmfull pesticide. When the pesticide attack on the crops or plants then it also damaget the seed of the plants. On the seeding time the harmfull  pastcide attack on the plants. If we use the madicine for killing these harm full pesticide then we can save our plants and crops. But in the PQNK system there is a little bit chance that any pestcide attack on plants and crops and affect. ,,,,,,,,,,,,,
,"Get rid of Mealybugs, Dieback, Aphids, Scales and Whitefly/Garden Pest Control/ Weekly Pest Control",https://youtu.be/XMkTGi_8i4c?si=0jFQUgVo_MS4c767,slot two ,"How we should protect the plants from different pesticide and different disease like Mealybugs, Dieback, aphids, scales, and whiteefly/ garden pest control/ weekly pest control. We can make madicines in our home and we can finish the harmful pestcide. Mealybugs is one of dangrous pestcides so moslty we find them gardens and it also effect the leafs. We can also kill them by using the medicins. Make 20 gram detergent soap and mix it in the clean water. And spray on the them they will kill soon. So if we use the brush then  it will take more time but it is  is more best we will use the bursh on the every root of the plants and every leaf of the plant. Dieback are harm full pestcides and mostly we saw these insects in the rose plants and they on the roots of the plants. We should cut the roots those are effected with dieback pestcides.  Make fungi side powder mix this powder in the water. We have to wet the poweder in water only. And the roots where effect from this disease and use this powder on cutting place. Aphids are dangrous for the plants they are mostly  on the back side of he leaf and they are in the colour of white and black. We can use the  detergent soap  for this desease we have to spray two or three times in one day. The next is whiteflies is also effected to the leaf and plants  and they are mostly on the back side of the leaf in white colour  for killing these insects we should use the soap water and spray on them two or theree times in one day. The next is scales it is dangrous for the plants. Mostly we found these insects on the roots of the plants. So killing these insects we use vansh vabrational mixture of water and hydrogen  peroxid  spray or use tooth bursh. and burshed on  the roots. In every week we have to check of our plants.",start 00:00 end 5:27,,,,,,,,,,,,
,Q&A on Fruit Fly update 18 4 24,https://youtu.be/c_QfwkHAlfI?si=wQc-ZRM9iUWRE7Kv,slot two ,"Q&A ib Fruit Flies; Nature provides several layers of protection: Healthy plants with a strong immune system. A natural odor that repels pests. Protective layers on fruits. Protective layers on fruits. Hard skin that makes it difficult for insects to bite penetrate, and inject eggs.  Bacillus thuringiensis (BT)   is a microbe naturally found in soil. It prodices proteins toxiw to immature insects (Larvae). ",Start 00:00 end 14:30,,,,,,,,,,,,
,PQNK Training 1.8,https://youtu.be/zRpnPmXBgnk?si=NzPw1AILk5LADeY7,slot two ,"If we fallow the PQNK then  the harmful insects can never attack on the plants and fruits. Because when a  insects come and sit on th  leaf or fruits and they sting on the fruits but for this the fruit do not effect because the layer  of the fruit is  hard and sting break. So the harmful insects do not effect  the Furits. If we fallow the PQNK. If we are growing different crops and different plants without PQNK then we have to give fertilizers and we have to give the spray. And we spend a lot of money on it. Maybe in this from one mistake the fruit will effect. If we give  little spay less than necessary then our plants will effect. So if we give the spray more than necessary than our fruit will effect. So in the PQNK system there are a lot of microbes those are in one plantes. There are different types of micros to fight dirrerent insects. So PQNK system save our time and save our save our money and save our 90% water. We can grow  produce the crops without any cost. How PQNK protect plants? Bt is a microbe naturally found in soil. It makes proteins that are tocxic to immature insects. There are many types of BT. Each targets different insects groups:  Sukin, chewing, eatin, caterpillars, bollowrms, beetles, mosquitoes, flies,and moths. Bt makes toxins that targest insect larvea, when eaten. In their gut, the insects die within few hours of infection and starvation. PQNK develp enabling environment in soil for BT microbes to grow, this is why crop plans are free from pest and virus damae. Against every nests there 1,700 nredators. When natural protection system is in work; BT, GMO, seed and pesticides are NOT, required.  ",Start 00:00 end 16:00,,,,,,,,,,,,
,Termite is a helping hand in PQNK,https://youtu.be/1e7n_GeNcOY?si=iVdEWwJz6xkoLwym,slot two ,Ther are many peoples those thought that the termite is harmful for the plans and crops. But the termite eat only dead plants and dead grass and turns it into the fertilizer. It is  good for the plants because it provide the fertilizers to the plants and crops by naturally. So in the PQNK system we have to not spray the termite.,Start 00:00 end 01:58,,,,,,,,,,,,
,Termite in Cotton Crop,https://youtu.be/gr02EYH4ZPU?si=ey7nh061wQqBKTli,slot two ,"Termite in Cotton Crop. Termies have many different breeds; only of few of them can eat live plant tissues. These termities are more in the Afircan countries. All other types are scavevgers, meant  to  grind dead plant tussues for microbes to recycle. In many cases where the hard pan in the soil is intact, anaerobic microbes develop, which damage the root hairs. Though the plant many still look healthy, many parts of it start decaying. This is when termites play thier role in the recycling process. ",Start 00:00 end 05:00,,,,,,,,,,,,
,Precision weeder & aerator - Revolutionizing Rice Production: Innovations in Crop Cultivation,https://youtu.be/FdJ3WSkMSlM?si=gpzIB_y6LHFu0OwR,slot two ,"Revolutionizing Rice production: Pedaver's Innovations in Crop Cultivation. Pedaver, The Transformative producer, has meticulously delved into natural phenomena, comprehending intricate natural processes and deciphering algorithms that underlie soil fertility and vegetation. The pinnacle of this endeaver emerged when padaver introduced an innovative approach to rice production, diverging from the conventional water inundation method. This poineering tecjmoque made its global debut in 2008, signifying a monumental advancement in the field. To automate the various phases of this revolutionary process, an array of ingenious machines was conceived. Among them were the bed-shaper, the dry soil transplanter, and a precision weederand acator. The latter, showcased in a succinct video, operates with exceptional accrracy, working within crop plant rows placed only eight inches apart, to combat the proliferation of weeds-- an acknowledged hindrance to rice production in submerged soil. Crucially. as the natural process of crop procuction progressed, the role the precision weeder & Aerator evolved. Once the PQNK process has evolved for all crops and reaches full maturity, this machine shifts from weed eradication to targeted weed suppression. Its intervention os strategically confinded to areas where weeds emerge due to the aradication o targeted weed suppression. Its intervention is strategically confined to areas where weeds emerge due o the absence of adequate soil covering via organic mulch, alongside providing shade for the cultivated crop plants. Padaver's contributions transcend the mere creationof these innovative machines; they embody a transformative journey in agricultural practices, addressing ecological concerns and advancing the comprehension of sustainable crop cultivation. ",Start 00:00 end 05:01,,,,,,,,,,,,
,Weeds management by using PQNK process,https://youtu.be/gyRV9yRmE7o?si=TfGKRRPL3HjAL4sZ,slot two ,"In the PQNK system mulch is very important because if do not do mulch correct way then weed will grow and roots and herbs will grow our crop will not produce our soil will not retain moisture and our seed will not grow. On PQNK system we can grow every crop and like rice,cotton,wheate and peanut every crop we can grow. In the first year we will face some difficulties but if we fallow the PQNK step step then we will give good result. On minimum cost. ",Start 00:00 End 08:00,,,,,,,,,,,,
,Citrus Alfalfa intercropping on PQNK,https://youtu.be/LUyHBnTBR5M?si=Td-waIvPjCyPS27D,slot two ,PQNK system is also successful system. Because it is natural systmem we are fallowing the natural system. Nutral system is comming since 40 lac year ago successfully. It is not possible that  we fail in PQNK. There are many peoples those fallowed the PQNk system and they susscessed. And the crop which is produced from the PQNK is also have more nutrition. Than the food which is produced with fertilizers and ploughing the land. ,Start 00:00 End 01:00,,,,,,,,,,,,
,Multi Cropping with PQNK,https://youtu.be/BgctW7EXmgY?si=131h0mPsAHI7cmve,slot one and two ,If we harvest a crop and we want to grow the next crop then first of all we have to check humidy of the land if  the humidy is not avaliable in the land then first we have to give the water to the land and then grow the seed because with out humidy the seed will not grow. So the humidy is very important for growing the crop. The two things are required to the crop for growing first is water and sun light. We have to give the water only those times when the crop will change the colour. We can judge from the colour that what thing is required to the crop.,start 02:30 end 03:13,,,,,,,,,,,,
,Wheat and Rice Crops Rotation in PQNK : Urdu Voice Note of 3 minutes -,https://drive.google.com/file/d/18mZoSf56UEdxC0u9o6T1iQfJpHKNIXm7/view?usp=sharing,slot two ,How we will grow the next crop after before harvesting the one crop? If we have grown the wheat in the field.  If the 20 or 21 days will left from cutting one crop and when will we give the last   water to the crop then we grow seeds of he next crop. Like this if want to grow to the next crop then when we sill give the last water to the crops then will grow the seeds of the next crop. we can grow all the crops by fallowing this procedure for growing the next every crop. ,Start 00:00 end 02:00,,,,,,,,,,,,
,"Compost making, uses voice & farmer comments",https://youtu.be/C1381wa2Xr4?si=YvEhTd0hADoAfjgl,slot two ,"Compost making, used farmer comments. What is orobic? The place where the air present is called orobic.  The place where  the air is not presend is called nonorbic.  The dungs of he cows or other animal  through in one place then there is lot of heat produce in the the dung. The micros or insects are died those in the dung and this dung is nonorbic. So we have to increase the no of insects those are helping to grow the crop. so we have to   not through the dung we have to through the dungs in orobic from.First we have to throw the dung in the beds the hight should be 5 6 inches and  there should humidy in the dug There should not be heat in the dungs because due to heat the organisma are died . So that the air can go in the dung. Compost is not a fertilizer, feed or mixture of plant nutrients . It is just an inoculum, may be used once o trigger the life in soil. 1/2 ton in an acre is more than sufficient. Conditions in soil will develop & sustain soil biology that will provide minerals that a plant needs to produce optimally. To make an ideal compost, se plant resudue and animal dung. It should be put on hardstandiong in ling swaths, like in picture. keep it moist and turm it frequently to cool tempreature insicde. It is matured, when all the material looks same / similar. ",Start 00:00 end 10:10,,,,,,,,,,,,
,Role of Organic Matter in the Soil : Urdu Voice Note of 2 minutes,https://drive.google.com/file/d/15CfL1qSFDrzbKHTMTwvLOi1kCNplm4wS/view?usp=sharing,slot two ,"There is a lot of food for plants in the land. And the micros give the feed to the plants. And the micros eat the organic matter. There is two types of organic matter how much of teh plant's body is outside the ground .  The more aplant isoutsidethe groun, the more it is inside the ground. And if cut  the crop from up to land then the crop which are down from ground. The body which is down from ground this become the way of micros to give the feed the plants those are alive. ",Start 00:00 end 01:30,,,,,,,,,,,,
,PQNK process to recover saline soil,https://youtu.be/naGoRMJiq-A?si=3gx5825fkTq2wXOr,slot two ,"There are many lands those are saline soil.  We cannot produce the crops there. So PQNK process to recover saline soil. Inundated soil accumulate salts that clog soil pores and reduce water absorption, retention, and acration, which can lead to poor crop  performance. To improve soil health and crop yield, follow these steps: Make longer fields to facilitate efficient machinery operation and reduce wastage.  Breake up hardpan with a subsolier, making sure to properly break the hard layer in the soil, normally in the range of (7'- 17'') by digging a few pits to check. Wash the soil with flood irrigation, mixing 10kg sulphuric acid with the water. Prepare the soil by mixing cover crop seed with homemade acrobic compost(20kg) and broadcast it evenly. Then make permanent beds. The transidtion should be made during mild weather, in spring or autumn. Once the cover crop gained a reasonable height, use a crimper or mulcher to cover the beds with mulch, but never uproot the plants, The fields is now ready for planting of cash crop using a no-till precision planter. Note: It may a few cycles of crops to fully recover the field. In waterlooged areas, make higher raised-beds. ",Start 00:00 end 10:00,,,,,,,,,,,,
,Crop production in saline soil using PQNK - The Natural Ecosystem Science,https://youtu.be/4bmDbtiOtVA?si=43W6-f88XWeX7mzb,slot two ,"How we change the saline soil into a good clay which can produce the batter crop. On the PQNK system We can produce the crops. In the saline soil the land in the in orobic form. There is no air in the saline soil due to this the micros die. Due to this our land cannot produce the crop. In the saline soil inundater soil accumulate salts that clog oil pores and reduce water absorption, retention, and acration, which can lead to poor crop performance. So we have to make the longer fields . And break the hardpan. Hardpan is very important in PQNK because due to this the crops root do not go down and they can effected with strom and heavy rain they fall so we have to breake the hard pan with subsolier . we have to pough with  this two or three times.  Our land is cover from up the ground with  salt we have to mix the sulphuric acid  in the foold irrigation and pass the water up from the ground. And then we can grow the crop on the beds and we have to cover the land. ",Start 00:00 end 01:30,,,,,,,,,,,,
,Why Salts Surface on Land and its Cure : Urdu Voice Note of 1 minute,https://drive.google.com/file/d/1W8FI3alNu4LAbY_utqxbYx5nu7879bg8/view?usp=sharing,slot two ,"Why the salt come on the surface of the land? There is salt in the water which we give to the fields. Down from ground there is hardpan. And the water stand up from hard pan. So the wateter go up in the form of vapor. So the salt stay up the ground. To improve the soil health fallow these steps. Make fields to facilitate efficient machinery operation and reduce the wastage. Breaking up hardpan in the rang of 7'-17'' by digging a few pits to check. Wash the soil with flood irrigation, mixing 10kg sulphuric acid with the water. Prepare the soil by mixing cover crop seed with homemade ocrobic compost (20KG)  and broadcst it evenly. Then make permanent beds. The transidtion should be make during mild weathe, in spring or autumn. Once the cover crop gained a reasonable height, use a crimper or mulcher to cover the beds with mulch, but never uproot the plants. The fields is now ready for planting of cash crop using a no-till precision planter. Note: It may a few cycles of crops to fully recover the field. In waterlooged areas, make higher raised-beds. ",Start 00:00 end 01:15,,,,,,,,,,,,
,How To Increase Fertility Of Soil | Basic Information About Soil ||,https://youtu.be/O7c0F-xZMTo?si=6rXWa2jUYsULKRh6,slot two ,"Soil is real the wealth of a Nation; The most meaningful indicator for the health of the land, and the long-term wealth of a nation, is whether soil is being formed or is lost. If soil is being lost,so too is the economic and ecological foundation and which production and converation ar based; Soil Health Determines: Plant health. Animal health. Human health. Ecosystem health. And even the health of the ecosystem:TOP SOIL: Conventional Agriculture leads us to lose around 6 kg of soil per every 1 kg of produce. It takes 1000 years to form 3 cm (1.2"") of topsoil. Topsoil, which has supported life since time immemorial, was never plowed and hence protected. Our aim in Agriculture (CA) is safeguarding soil, the foundation of the ecosystem, and improving farmers' income. What Should be in Soil? Water&vapoits 25%- overall; Air 25%- overall; Organic matter5%- we have about 0.5%; Sand (largest) 40%-dry soil; Silt (finer)25%- dry soil; Clay(finest) 25%- ery soil: When the sand, silt, clay, and humas are each present in mentioned quantities, it is a good loam. Why do we plough soil? Seed requires 2 things for germination. Moisture that it gets from Soil. for this seed to soil contact must be firm. Warmth that it gets from Sun: for this we plant seed when temperature is favourable. We plow soil to improve seed to soil contact for better germination. And eradication of weeds. There is no other reason. How Seed Germinates? Seed composition.Embryo-live and second thing is that preservative-oil which protect the embryo and third thing is that  Food packet which protect the seed for a long if any time rain is come on it then it started grew and it can save the seed for a long time thousands years. When we plough the land then our land is disturbe and for this the insects that are growing the crop die. So we increase the insects.   And we can grow a batter crops with out any cost. A Unique Seed Environment; Creaes unique horizontal seed slot (most others are vertical). Self covers the sloths. Traps soil humidity in the slot in form of oiquied and vapour. Conserves 50-100mm (2-4"") soil moisture per year. Guarantees soil-to seed xontact. No slot-shrinkage problems.There are three types of land the best  land is that which can obsorb the land  and keep cool the land. And which have humidity. We can check land before growing the crop. First we took some soil, put it in a glass jar, and added water to it. if the water moves above the top layer of the glass  or top layer of the glass or is on top of the soil, then our soil is very good.if the water if the water goes to teh bottom of the glass, then there our clay is not good then it can called sand because sand particles are big than clay particles. But their solution is avaliable if we mix the sand and clay then it can more helpful for crops. And the water for plant is like blood to us- they are food carries. they dissolves food & takes it to each body cell, we have heart pupm blood, plants use Osmosis process! Plant roots prefer going to water rather than water coming to the roots Plant suffocates if water stands in the roots.",Start 00:00 end 46:00,,,,,,,,,,,,
,Sustainable Natural Farming System,https://drive.google.com/file/d/1DpZm480V6E_02XOHUQ7i4SZnFfS8QVgd/view?usp=drive_link,,"Sustainable Natural Farming System. What is PQNK? PQNK is the abbreviation of Paedar Qudratti Nizam Kashatkqari  ( to be pronounced as picinic) Which means sustainable nutral farming system in URdu and it is also referred to as to as paradoxical Agriculture. Asif Sharif has conceptualised PQNK through first-hand experience on his own land in the indo-gangetic plains of pakistan. He later founded pedevar, a company that works with thousands of farmers to disseminate the PQNK system and develop approprate mexhanisation. Initially, after idenfifying  that inundation, soil disturbance, and bare land are contrary to the natural processes of soil fertility and vegetation, Mr Asif developed the raised bed planting system. Rice was the first crop tested on Asif's raised beds as conventionally it is grown under flooded conditions. This was to demonstrate that water serves as a nutrient carrier, and only the water absorbed by the roots and transpired from the leaves is needed fpr the plant development. At this stage, Asif came across the system  of Rice intensification (SRI) and gained insights into optimal plantpopulation, i.e, row spacing and plan-to-plant distance, After achieving success by reducing rice plant density, the next objective was to maintain soil coverage. Rice crop residues had been utilised for his purpose. Soon PQNK developed intoa more comprehensive farming method for all crops and trees that combines SRI and Conservation Agrculture (CA), with natural farming as an oveaching principle. The PQNK approach replicates natural dynemics in agricultural production systems, like avoiding of syntheric amendments, keeping upland for vegetation and lowland for water supply and drainage of exsessibe water, as shown below. ",,,,,,,,,,,,,
,Efficient Use of Chemical Fertilizer : Urdu Voice Note of 2 minutes -,https://drive.google.com/file/d/1URrJPxeAhmBZ3r8G7TSF1FQt8ytBNkPh/view?usp=sharing,slot two ,how we should give the fertilizers to the plants or crops? There are many methods we can give the fertilizers to plants or crops. But the best method is that if we give the with flood irrigation system then we can mix the fertilizer in the water. In this method there is little chance that the fertilizer waste. And if want to spray to the crops or fertilizers with nitrofast then we mix 3 kilo nitrofast in 100 litter water and spray on the plants or crops. We should spray on the morning or evening time. So that the spray can  stay on the leaf 1 hour and the plants absoration. ,Start 00:00 end 01:25,,,,,,,,,,,,
,Foliar Applicatiion and used of fertilizer lecture Asif Shreef Sahab,https://youtu.be/Uwnlri_oz7Y?si=5qPHP7oReqrRShBZ,slot two ,"Methods of fertiliser application. Basal- at time of seedbed preparation or seeding. Broad casting after germination. Side -dressing with a machine. Mixing in flood irrigation water. Fertigation: injection, subsurgface, drip, sprinkler, raised -bed. Foliar application. Each type of application has different level of uptake and wastage. Nutrition supply: Formented biomass with irregation. Split dozes of nutrition through fertigation. Foliar application. Organic matter. Living roots. Biota. We should also spray the plants in early morning are evening so that the the leaf can absoration and it effect on the harful insects.  The particle of the fertilizers should be small and tube of spray should be 250 microns because the big particles fall down. ",Start 00:00 end 09:00,,,,,,,,,,,,
,"Issue of rodents in crop fields, benefits and management",https://youtu.be/OcGOglQILko?si=c65nugARObThHeJU,one and two ,Mouse is ofen attack on the plants  and mouse detroy the plants. If the mouse is attacking on plants regularly then we should grow some things like patato and other things which like the mouse beacuse when the mouse hungry then it attack on the plants  if  we grow the other things a liite place then he will eat those and will not attack on the plants ,Start 02:00 end 04:44,,,,,,,,,,,,
,Raisedbed Precision Planter Corn.wmv,https://youtu.be/aaRFfNfVd8w?si=RJ9wvi_DTSMeriTp,slot two ,Raised beds precision planter. And  used for making beds On the PQNK. On the PQNK system we have to make to bed only one time we do not distrub them for next crop when we will  give the last water to the crop then will grow the seed  of next crop. Like this if we have grow the wheate in the land and we want after the wheate we want to grow the rice then when and twenty days is left  are  left from the harvesting then in last water we will grow the rice with out disturbing the land. ,Start 00:00 End 00:17,,,,,,,,,,,,
,"Rübenernte 2022 Vollernter GRIMME REXOR, JD Traktor Zuckerrüben roden Lohnunternehmer Landwirtschaf",https://youtu.be/zKC5FJ8G4CM?si=jlI_9txfrspWqvjc,,Some other language ,,,,,,,,,,,,,
,Useful tools,https://drive.google.com/file/d/1-zuQT_AqoMvgB1avllM5L2jRB0cMEZhR/view,,There are different tools of how we should grow seed and different machines and different tools are in this. ,,,,,,,,,,,,,
,Viable productivity is the outcome of a good process - PQNK in question,https://youtu.be/0fZsM5WWg1o?si=wXa0OkZMfwG2htSJ,slot one two ,"Productivity is outcomes of a good Process. Processs makes or brakes. Quality and efficiency is outcomes of a good process. Industrial agriculture is following the same process which was initiated by homo-spienes which was initiated by homo-spiens some, 10,000 year ago. Killed abundance of life in soil made for provision and protection of crop plants to produce nutrients dense food for all life forms. Viable production depends on skilled management and workers. Well provided rescouces, combination of whihc produce quality at the lowest cost:tools to dominate market by carnning confidence of consumers. Value addition; grading sorting, cleaning, packaging for better shelf, life and impactful presentation. And placement of the produce with assured quality&timely supply at a competitive price ",Start 02:15 End 08:00,,,,,,,,,,,,
,Uniformed quality is necessary to place produce at high value shelve,https://youtu.be/NIXC0IxohI8?si=UDOojH2dHxk2jg_U,slot two ,Uniformed quality is necessary to place produce at high value shelve. Uniform size. Unifrom color&shine. Cleanliness&freshness. Packaging to increase shelve-life. Unifrom taste-sweetness. Consistent supplies.  Compatible price. Innovated uniqueness.,start 00:00 end 07:00,,,,,,,,,,,,
,Vegetables on PQNK,https://youtu.be/LV7IO6b0P8I?si=ZEaUqxQkcUnefo3W,slot two ,We can grow all the vegetables all  the fruits vegetables and all the crops. So all the system is success  on beds. If we saw  on nuture the places which are above there are trees and the place which is down there are water. And we see the places where is not reach peopls there are lot of foods without any fertilizers and without any water and they have more nutriation. ,start 00:00 end 01:00,,,,,,,,,,,,
,Production of Onion Seed on PQNK - Farmer Noor Mohammad Sindh,https://youtu.be/fcGeigj7urE?si=5YM87rFwnl5siG-4,slot two ,We can grow the crops with the PQNK system where is short water there reason is that due to mulchin our land will remain hunidy and there is no need of fertilizers because the insects are giving the food to the plants or crop. ,start 00:00 end 37:00,,,,,,,,,,,,
,Reuse of GMO seed,https://youtu.be/H9z6aYd4tsE?si=sgOXXQVPwQsaZiKX,slot two ,"It covers various types of genetic alterations in seeds, including the type your mentioned. I am uncertain about the specific modifications made to it and the underlying purpose. Genetic modification typically serve specific objectives, with one primary aim being to ensure farmeers, like ourselves, are urable to generate their own seeds. This compels them to repeatedly purchase seeds from the company, ensuring continued profitability, a primary motivation. Other potential objectives encompass enhancing or deteriorating specific traits, such as attering height, improving heat tolerance, or achieving various goals. Conswquently, when we purchase seeds from a company, we can plant, extract oil, and sonsume them. However, replanting may yield suboptimal results, as some companies may impede seed germination or inhibit pollination, particularly in the case of male-pollinated varieties, THis strategic interference prevents cross-pollination, resulting in a lack of seed formation. Your specific seed might have undergone modifiactions, though the details remain unclear. Anologous to modifying a car's engine or seats, genetic modifications in seeds serve specific purpose. Breeders from the company can provide insigets into the specific genetic alterations perfomed. Conducting tests is imperative to obtain conclusive results. In my lecture, Ielaborate extensively on the process, emphasizing the importance of using the seed again to observe its performance. ",start 00:00 end 06:00,,,,,,,,,,,,
,Sustainable Natural Farming System,https://drive.google.com/file/d/1DpZm480V6E_02XOHUQ7i4SZnFfS8QVgd/view?usp=drivesdk,,If we say on  saw on the natural system then the places which are above there are plants and the places which are down  there are water so if we do same the work in our fields we make the beds and we grow the crops on the besds and we give the water to the beds with drainage those are between the beds for our insects will increase and if we give the water  in the form of foold irrigation  then the water stay in the land and the insects die. So our crop hunt differentt disease and there fore we give the spray and fertilzers.,,,,,,,,,,,,,
,Comparison of Garlic crop Conventional versus PA/PQNK,https://youtu.be/ry3pdCgltCE?si=zsosXz7FXDibozHy,slot two ,If we shift our land on the PQNK then mulch is very important. Because the mulch retain our land cool and it retain humidy in our land and for our 80% water save so PQNK is system is natural and it never wrong. When we plough the land for this the insects which are helped to grow the land then they  die and for this our land week and we use the fertilizers and therefore we sparay our crops and our crops hunt different disease. ,start 00:00 end 03:00,,,,,,,,,,,,
,canola on the PQNK.,https://youtu.be/lFRz7vN3aJc?si=yHG7QF877wvYlLhI,slot two ,We can also grow the conala on the PQNk system. On the PQNK system the Canola will grow soon and on this system it save a lot of time and alot of money and have more nutrition. so the crops which is produce form the PNQK have more nutrition 80% to 90% then the crops which are produce with  fertlizers and with ploughing the land and using the spray. ,start 00:00 end 01:00,,,,,,,,,,,,
,"Carrots on PQNK - over 80% ""A"" grade - 4 crops a year",https://youtu.be/P2kDUPkSSRI?si=FRaGw1sShg5FQoHC,slot two ,"Carrots production on PQNK. Conventional method; Carrots is not considered as a good cash crop. Seed is broadcasted in finely prepared soil, furrows are made, seed gathers on ridge top. High seed rate (2kg), concentrated plants. No uniformity in size and shape. Less than 40% ''A'' grade. Hight cost of harvesting by digging with shovel. Single authrmn crop in  a year. PQNK process; Fallow steps to shift from ACI to PQNK. Make beds when soil is wll moist. Plant 200,000 seed (250g) per acre with no-till precision planter. Carrots grow well between 10_30c. Plan for 3-4 crops per acre per year. Harvesting is easy, pull, shovel is not required. Romove leaved (use as mulch) ",start 00:00 end 09:00,,,,,,,,,,,,
,Sustainable natural farming system (picnic) corn cultivation,https://youtu.be/R3ZU7m7fcIY?si=5bn5EjJX3mlzANKx,slot two ,We can  also grow the corn on the beds. Mostly peopls grow the corn of the animals and the give the water and they the fertilizers and  and spray the cron crop for different to protect from different disease. So if we grow the corn on the PQNk systems and we grow it on the beds then it save our water and for this our land will remain good and soft so on this system the corn will grow soon. Why do we plow? Seed requires two things for germination. Moisture that it gets from soil: for this seed to soil contact must be firm. Warmth that it gets from sun: for this we plant seed when temperature is favorable. We plow soil to improve seed to soil contact for better germination. For eradication of weeds. There is no other reason.,start 00:00 end 23:01,,,,,,,,,,,,
,Corn on 42” raised beds,https://youtu.be/DpRZl0boldM?si=_MdTI8YF8g06G4Fp,slot two ,Corn on the beds if we grow two seeds on the beds. And our corn will remian healty and the water reqirements decrease.,start 00:00 end 00:44,,,,,,,,,,,,
,Cotton on PQNK,https://youtu.be/Nziem28U3As?si=tqcxtVJyfW0lcXcn,slot two ,If we grow the cotton with out beds then  we have to give the spray to the cotton and have to give the water again and  again and maybe there are many insects which can destroy the crop. We don't know that what thing is required to the plant. If we give water more then necessary then our crop can effect. If we give the water less then necessary then our crop can effect. So if we fallow the PQNK system. Insects give the food to the plants.,start 00:00 end 01:30,,,,,,,,,,,,
,PQNK Cotton,https://youtu.be/U0ttXM8tmW4?si=MCvJLL686F9-w6Ef,slot two ,If we grow then never a disease can attack on the crop because there are many micros those save the plants from the desease and  for different disease. So on  the PQNK system we can produce the crop without any cost. And we can also produce the cotton on the PQNk without any cost. It also save our a lot of time and a lot of money and a lot of water 90% water save it.,start 00:00 end 05:00,,,,,,,,,,,,
,Fodder on PQNK at zero cost,https://youtu.be/YjdNL6zOtzw?si=3ydv3ctYcctXa2XZ,slot two ,We can alos grow the fodder for animal with out any cost and with out plough plough the land the work which we have to do is that we have to do mulch correct way because mulch remain the land cool and remain the humidy and soft so mulch is very important in this PQNK system.,start 00:00 end 01:00,,,,,,,,,,,,
,Garlic on PA/PQNK,https://youtu.be/-bfBD8q0VHM?si=cZUR5yJD48h2i5Jq,slot two ,We can also grow the gralic on the PQNK system. For this the Gralic height will increase. The gralic which is produce from PQNK is more taste and have more nutrition then other gralic so we should eat the those fruits which have more nutrition.,start 00:00 end 03:00,,,,,,,,,,,,
,,,,,,,,,,,,,,,,,
,Grapes on PQNK. No fertilizer and no pesticide the past two years.,https://youtu.be/YiGEgizlrA0?si=9IAuCwkMkO5J9uUk,slot two ,Thre are many peopls those are growing the grapes gardens and they use fertilizers and they give a lot of water for this the insects which are helping to grow the crops those die and the grapes hunt different disease.If we shift the land on the PQNK system and gardens then thier crops will produce. Then we do not spray the crops and  and we do not give the fertilizers to the lands . So PQNK is saved our all the things time  money water and all the things and have more nutrition and more good for our health. ,start 00:00 end 43:00,,,,,,,,,,,,
,PQNK grapes.,https://youtu.be/pAEnsjv3o_k?si=-G93Qwl-Yq7hs9OV,slot two ,So on PQNK system no Insects attack on the grapes because  there are many micros those are in the plants of graps and they kill the germs so that. Because when  there was no one in the world then Allah make a system so this system is comming since foury lac years ago with successfully so when the man started to plough the land and started to give the fertilizers to the crops for this in the crops in the fruits and in vegetables and in other things the nutrition and taste decrease  because the fertilizer is the poision so for this we hunt different disease. And if we grow the crop we spend a lot of money on the crops and we cannot make the profit. So on PQNK system we can produce the crop without any cast. Only one time we have to make the beds and and we have to grow the crop and harvest the crop in the next year we do not plough the land and do not distrub the beds.,start 00:00 end 04:00,,,,,,,,,,,,
,Guava on PQNK,https://youtu.be/38MUC6h--Uo?si=B0vKNFtWdC6cql6w,slot two ,We can grow the Guave on PQNK system for the insects which are helping to grow the plants those increase. So there are two things which are required to grow the plant  water and air if we give a lot of water to plant then it also effect on the seeds of the plants so if we give a low water to the plants then it also effect on the plants so we have to give the water only those times when plant is change thier clour due to the lack of water and if you think that the water is need to the plant so we have to give the water only those time and we do not give the fertilizers to the plants because there is a lot of food for plants in ground and the micros are giving him. When we cut the grass up side then roots which are under the surface became the food of micros and became the food of the plants. ,start 00:00 end 02:00,,,,,,,,,,,,
,Mango on PQNK,https://youtu.be/gd_aR7-cabw?si=REZJKYBdT4kPcUGA,slot two ,We can also grow the mangos on PQNK because on PQNk system there is little chance that a disease attack on the manos,start 02:00 end 04:0,,,,,,,,,,,,
,Production of cucurbits family - Melons on PQNK,https://youtu.be/jEp-pk8cFrQ?si=a3nZ9dk2vVxAyt8a,Slot one and two ,"Production of cucurbits family-melons. After leveling, break the hardpan, water wash if necessary, prepare soil and make beds. Don't apply any fertiliser. Line to line distance would be 86'' and plant to plant in a row 18'' to 24'', plant seed at 1'' to 1-1/2'' deep in soft soil. Plant seeds on left side of the bed 1, about 8'' away from the corner - add corn seed on the south side for shade. Plant seeds on right side of the bed 2, about 8'' from the corner. Close middle furrow '' C''. if moisture in soil is not enough, apply water in furrow A and B only,Not in furrow C. Mulch the beds 3'' to 4'' thick, after plants get to5 leaf stage about 8''long. To get more, yet unformed fruits,prune the vines, cut main vine at 9'', lateral (side to side) branches will grow,cut them. at 9'' length, new brahces will sprout,keep three, prune the rest. After fruit start forming, keep healthy fruits and cut the brahch about 4'' away from the fruit, Idea is to keep one fruit per branch that directly sprout from lateral branch and not from main vine, Don't have any fruit from main vine. Method will produce uniform size and tasty fruits. Same process is good for cucurbits family. Remember, Vines bear male and female flowers separately, pollinators and required for fruit setting. If seed costs is high, grow squash vines (desi-kudo) along with hybrid for grafting. ",start 00:00 end 09:00,,,,,,,,,,,,
,Peanut 🥜 on PQNK,https://youtu.be/B6TOz4vD7qE?si=_SLLMYp0-94azwOx,slot two ,"We can also grow the peanut on the PQNK because There are many places where the farmers grow the peanut. Moslty crops depends on the nature rain and we  plough the land and we spray the peanut because the after the rainy season the insects is also attack on the leafs of the peanut and we spend a lot of money on the lands.  So if  we make the beds in the land then we cover them with properly and only one time we have to make the beds andgrow the peanut and harvest the peanut and weed which wil grow in the first year we have to cut and  from this grass we cover the land for this our land will remian humidy and remain soft . 
 ",start 00:00 end 02:00,,,,,,,,,,,,
,Peanut production on PQNK,https://youtu.be/59AfFRQa134?si=FPbAfc_QIzvfCp7m,slot two ,There are many plcees where the peopls are growing the peanut  but they  cannot produce the peanut as well as should be they spend a lot of money on fertilizers and on the seeds and they plough the land again for this land humidy is decrease and the insects die those are helping to grow the crop. First we have to break the hardpan properly and we have to make the beds and grow the seed and we have to cover the land because when we cover the land then  humidy is remain a long time and the insects alive and for this the penut will grow the soon and produce good and batter seed.,start 00:00 end 14:00,,,,,,,,,,,,
,Cultivating Potatoes the PQNK Way: A Pathway to Bountiful Harvests!,https://youtu.be/NQRJiZjPSOo?si=mOlWMItqThD66x4s,slot two ,"Cultivating Patatoes the PQNK Way: A pathway to Bountifulharvests! PQNK is the natural process for soil fertility and vegetation, a comprehensive provision and protectiion ecosystem. It has four fundermentals: No innundation of soil with water, planting on permenent raised beds. No tillage, soil shold never be disturbed. Soil should always be covered with organic mulch i=to maintain soil temperature between 10 to 26c, maintain moisture in soft, suppress weeds and to facilitate life in soil. There should be no hardpan layer created by the use of farm machinery, aormally beteeen 8'' to 20'' underneath soil temperature: 8 to 24centegrate ~",start 00:00 end 20:00,,,,,,,,,,,,
,"Rapeseed on PQNK. No irrigation, no fertilizer and no pesticides applied",https://youtu.be/pZ-rwsM4XIU?si=oH0XOBVWOCk--J8T,slot two ,We can also grow the rapeseed on PQNK. On this system no pesticide attack on it. Because there are many micros against any disease and the no pesticide can attack on the on fruits of the paltns. If any Pesticide attack on it then all the micros kill it.,start 00:00 end 02:00,,,,,,,,,,,,
,Direct Seeding of Rice Saves 10-15 days : Urdu Voice Note of 2 minutes -,https://drive.google.com/file/d/13fwQNAR7PrbtsxWLFKkG6uzNV0U5HFv_/view?usp=sharing,slot two ,Coplete procedure of growing the rice.,start 00:00 end 01:35,,,,,,,,,,,,
,Rice Requires Very Less Water : Punjabi Voice Note of 1 minute -,https://drive.google.com/file/d/15nkjK_5BfhNxcXQDFYLZ2eo6BRuf2XBS/view?usp=sharing,slot two ,when we grow the rice in this season there is a lot is lot humidy in the air. In this season we should not give the water to rice.,start 00:00 end 00:42,,,,,,,,,,,,
,Wheat and Rice Crops Rotation in PQNK : Urdu Voice Note of 3 minutes -,https://drive.google.com/file/d/18mZoSf56UEdxC0u9o6T1iQfJpHKNIXm7/view?usp=sharing,slot two ,If we have grow the wheate in our land we want to grow the rice on the same place then when we give the last water to the crops then  we can grow the rice on the beds and after the harvesting the crop of wheate then the wheate will grow and we have to not plough the land and like this we can grow all the crops without disturbing the land.,start 00:00 end 02:44,,,,,,,,,,,,
,"Sesame on PQNK. No fertilizer, no pesticides and no irrigation.",https://youtu.be/7dUH03t4ScQ?si=uCUGDCbcmYBYdwrx,slot two ,We can also grow the sesame on the beds because on beds it can be effect with heavy rain and with the strom. On the PQNK no pesticide can attack and because there is lot of micros which are against any every disease. There is no need of fretilizers because fertilizer is poision and when  the micros eat then they die so there is a lot of food for plants and the micros are giving regularly.,start 00:00 end 01:30,,,,,,,,,,,,
,Strawberries PQNK Quality Pristine Organic,https://youtu.be/ROyzFD-mYNY?si=PVHMHgDQnth5TeSN,slot two ,When we grow the strawberries with out PQNK then there is no taste in that and we spend a lot of money on it we give the fertilizers and we spray the food again and again this our food is not good there is no taste after spending a lot of money on it. So if we grow the the strawberries on the PQNK system then there is no need of fertilizers and there is no need of the spray and in this system there is a lot of taste in it. Only we have to grow the strawberry and we have to harvest the strawberry. ,start 00:00 end 06:33,,,,,,,,,,,,
,Strawberry 🍓 on PQNK no purchased input applied,https://youtu.be/Vw6QfHtT4Y8?si=apHz4UgshtGTz8DN,slot two ,The farmers those are growing the straberry they give a lot of spray and they give a lot water and they give a lot of fertilizers and they often spray the strawberry after two days. So for there is lot of posion include in the strawberry and this is also is not good for our health and it cause of die for eating this straberry we can sick. So if grow the same strawberry on the PQNK then there is no need of fertilizers and there is not need of spray and for this the taste will also increase and have more nutrition.So when we eat the natural foods then they have more nutrition then other foods and more good fore our health. If we eat the five strawberry which is produce with out PQNK with fertilizers and sprays and if we eat the one strawberry then it is more helpful for us then five.,start 00:00 end 02:11,,,,,,,,,,,,
,Sugarcane on PQNK. Cutting off mother shoots.,https://youtu.be/BXQxY3cGmYA?si=HiNNbKBngOXoyDqu,slot two ,Cutting off moterh shoots. On the PQNK. ,start 00:00 end 01:29,,,,,,,,,,,,
,"Sugarcane on PQNK, farmer is a mute person",https://youtu.be/C9tKDRWirqU?si=Ng50B2STYNtpFm8I,slot two ,The PQNK system is save our 80% to 90% water. If we grow the crop without PQNK then we give the water to the plants in one point five hours and if we give the water to the crop which is grow with PQNK then we will give the water same in half water. Si on PQNK we cannot give the water to the crop then our crop will not die. So if we do not give the water the crop which is grow with out PQNK then it can die for not giving water in one or two weeks. ,start 00:00 end 02:40,,,,,,,,,,,,
,Sugarcane on PQNK,https://youtu.be/5uZtzsH-tvY?si=44NKY5uKLjmY4NAa,slot two ,On the PQNk sugrancane height will increase and for this and they looks more beautitul. Now a days the price of the fertilizers is very high and and when we plough the land then the insects which are helping to increase those are die for this our land cannot produce the crop well so when we grow the crop on the PQNK then there is no need of fertilizers there is no need spray. It save our a lot of time and it save our a lot of money and it save our a lot water. ,start 00:00 end 03:00,,,,,,,,,,,,
,Turnip on PQNK,https://youtu.be/0X-qXQRSnQ4?si=jCjPdOYVSPPDwiAw,slot two ,We can also grow the turnip on the PQNK with out any cost only we have to grow the seeds of  the turnip. When we grow on this system then taste will increase.,start 00:00 end 01:00,,,,,,,,,,,,
,PQNK Impact on Turnip Morphology,https://youtu.be/u0X-Q9OY31c?si=3UqDMhA-r7gPa3oB,slot two ,PQNK Impact on Turnip Morphology. Soil Structure Transformation; Deep pernetration through hardpan breakage. Enchanced root development space. Improved water infiltration pathways. Microclimate Management; Optimized soil tempeture regulation. Consistent moisture retention through organic mulching. Reduced temperature fluctuations. Microbial Ecosystem. Enhanced bbeneficial soil microbe activity. Balanced mineral solubilization and uptake. Improved nutrient cycling and availability. Biological prtection. Bt bacteria providing vatural crop protection. Reduced pest pressure. Enhanced plant immne reponse. Morphological impact; Elogated turnip development. Unifrom pruple-white coloration. Superior size achievement. ,start 00:00 end 01:01,,,,,,,,,,,,
,Wheat production on Paradoxical Agriculture PA/PQNK - The Natural Ecosystem Science,https://youtu.be/04Yx3A12fLs?si=4_c4LWPHk5BQm-u8,slot two ,We can also grow the wheate on the PQNK system. There are many farmers those are produce the wheate and mostly crop depend on the natural system it depend on the rain the issue some time the rain do not come a  long time so for this our crop effeced and they change their coulur  because the farmers give the fertrilizers in theland  and the micros are die and for this our crops change the colur and they effect some time so if we grow the crop on beds and cover it then for theis our land will remian humidy and our land will remain soft so our land will remian soft so for this the numbers of micros will increase and our land will produce more crop .,start 00:00 end 31:00,,,,,,,,,,,,
,Organic plus wheat production without purchased inputs - Paradoxical Agriculture PQNK,https://youtu.be/mqqcWINS8wI?si=rIk8v5dI9FNAPUnu,slot two ,If in  the land there is a lot of bushes and weed then first of all we have to level the land the breake the hardpan. And we makethe beds and check that the water is going from one side to other side and then we can grow the all the crops wheate rice and other crops . ,start 00:00 end 27:00,,,,,,,,,,,,
,Wheat on the PQNK ,https://drive.google.com/file/d/182BZzcVqTDyX8LxpWWa7iAabhDRKHtzk/view?usp=drive_link,,When we grow the crop  on PQNK then for this our crop is also remain soft and for this our crop grow soon and the roots of crops is also go down. If we grow the wheat on the beds then for this it will grow soon and for this it roots is also go down so when we it will not effect with heavy rain and stroms.  This system is also save a lot of water. ,,,,,,,,,,,,,
,Wheat on  the PQNk ,https://drive.google.com/file/d/1AkKIu2vYlQeH-JSY49FIx12uakcEzpCU/view?usp=drive_link,slot two ,There are many farmers their crop depend on the rain. So when we use different fertilizers and give the spray to the crop for this  our crop effected. And some time the rain do not come and our crops distroy. So on the PQNK when we grow the crop  on the beds then for  this there is a lot of money save and for this there is a lot of time save. If some time the rain do not come then our land have humidy and the crop no effect. So if we want to get profit from agriculture system then we have to grow  all the crops on the PQNK system. Because nowa days the price of the disel and the price of every machinery is very high and the fertilizers are also expensive so with out PQNK we can not get the profit from the crops as good as should be. ,start 00:00 end 02:56,,,,,,,,,,,,
,Yield vs Profit - Wheat,https://youtu.be/sS40004xc-o?si=_KhjoYBmUC82pM1d,slot two ,Coplete porfit table of the wheate. ,start 00:00 end 06:55,,,,,,,,,,,,
,Difference the crops which are growing with PQNK and which are growing with fertilizers. ,https://drive.google.com/file/d/1ApMjpJGAJaOAUFNL7NohKcvmTBGAUX04/view?usp=drive_link,slot two ,If we grow the crops with the fertilizers and with ploughing the land. Then some time  the rain cannot  come and for this our crops effected they change their colour and they do not produce a good seed. So their are many farmers those grow  the crops. Their  crops is depend on the nature system system. So the crops which are with the PQNK system their is a little chance that they effect  due to the lack of water. Some time the rain do not come a long time.,start 00:00 end 00:40,,,,,,,,,,,,
,Wheat (Last Water Requirement and Explanation) : Urdu Voice Note of 4 minutes,https://drive.google.com/file/d/14CkV59cT3yN1CZmD4FnIJK4wbgPc88A-/view?usp=sharing,slot two ,A lot of water is not good for the crop because when we give to the crop then it can effect to the crop we should give the water to the crop only those time when the water is need to the crop we can judge from the colour of the crop that water is required to the platnt or crop. There is a lot of food for he crop in the land and the micros are giving.  So there are two things which are required to the plant water and sun light the plant is grow these two things. So we give the water to the plant when it required the water.,start 00:00 end 03:40,,,,,,,,,,,,
,Wheat and Rice Crops Rotation in PQNK : Urdu Voice Note of 3 minutes,https://drive.google.com/file/d/18mZoSf56UEdxC0u9o6T1iQfJpHKNIXm7/view?usp=sharing,slot two ,When we give the last water to the crop then we can grow the seed of the of the rice. Then will success. ,start 00:00 end 02:44,,,,,,,,,,,,
,Wheat and Lucerne Inter Cropping Urdu Voice Note of 3 minutes,https://drive.google.com/file/d/1mjVkC8q7dgsDFi89IvBwhSLarSmokWKy/view?usp=sharing,slot two ,We can also grow the medicago sativa  before the crop we often grow the crop in octber and if we grow the medicago sativa in the wheate field  and we can grow  the wheate and medicago sativa because there are two months are required to prepare the medicago sativa and it do not grow properly in the winter so before growing the wheate we can also grow the medicago sativa and after one month we can grow the wheate and after growing seed of wheate one month we can harves the medicago sativa.,start 00:00 end 03:00,,,,,,,,,,,,
,PQNK process to recover saline soil,https://youtu.be/naGoRMJiq-A?si=nclyljwf2COncYFC,slot two ,"PQNK process to recover saline soil; Indundated soils accumulate salts that clog soil pores and reduce water absorption, retentionn and aeration, which can lead to poor crop performance. To improve soil health and crop yield. follow these steps; Make longer fields to facilitate efficient machinery operation and reduce wastage, Breake up hardpan with a subsolier, making sure to properly break the hard layer in the soil, normally in the range of (7''-17"") by diging a few pits to check, Wash the soil with flood irrigation, micing 10kg of sulphuric acid with the water, Wash the soil with flood irrigation, micing 10kg of sulphuric acid with the water, Prepare the soil by mixing cover crop seed with hormemdade acrobic compost (200) kg and broadcast it evenly. Then make permenent beds. The ransition should be made during mild weather, inspring or autumn, Once the cover crop has gained a reasonable height, usea crimper or mulcher to cover the beds wih mulch, but never uproot the plans, The field is now ready for planting of cash crop using ano-till precision planter. Note; It may take a few cycles of crops to fully recover the field. In the waterlogged areas, make higher raised-beds. ",start 00:00 end 10:00,,,,,,,,,,,,
,,,,,Start 00:00 end 02:56,,,,,,,,,,,,
,Furrow Irrigation in sandy soil on PQNK,https://youtu.be/LrZwUR4nxGw?si=OasRL3nzKYPiXhGG,slot two ,There is big issue for farmers they a lot of water to sandy land for this their water is wasted. The particles of the sand is big and the water do not stay on the top of the sand this water cannot supply to the crops properly. So drainage between the beds if mix the sand with clay only on the top of drainage then there stay a lot of water and thiswater will supply only to the beds crop. So for this the water will no waste and we save a lot of water. ,start 00:00 end 04:00,,,,,,,,,,,,
,Managing water flow in sandy soil,https://youtu.be/i83BPeUFHOQ?si=iuSGgbQMUcki_Nh5,slot two ,It difficult to give water again and agian to the sand land because the particles of the sand is big and the water is gone donw so we make the beds and mix the sand and clay in the drainage between beds for this the water will stay on the top and this can be more help ful for the crop. ,start 00:00 end 02:08,,,,,,,,,,,,
,one acre prosperity model,https://youtu.be/ytfBRSpBGmQ?si=NK5U78jmAYtZc5jc,slot two ,If we have a garden like citrus and grapes and other gardens so the distance between two beds we can also grow there vegetables and crops. We have to make only time beds and grow the seed. And we have to harvest. We can produce crop without any cost. ,start 00:00 end05:00,,,,,,,,,,,,
,Farmall 504 plowing with #420 plow,https://youtu.be/uwRpGoaMHro?si=y_bdVKCGGRYXQkt2,slot two ,ploughing the land,start 00:00 end08:00,,,,,,,,,,,,
,How is Laser Land Levelling working in animation (IRRI).,https://youtu.be/kRAwyr6oK7Q?si=ifVz8v-9Ggw3vFf2,slot two ,Laser leveling ,Start00:00 end 00:54,,,,,,,,,,,,
,Raised beds making for PA/PQNK,https://youtu.be/EJ2b2dTXdLg?si=IlNfZor5Qa7bnyNh,slot two ,On the PQNk system only one time we have to make the beds and we have to grow the crop and harvest the crop we can also produce the crop without any cost. After making the beds if we cover the land then in our land will remain soft and and remain this system save a lot of water.,start 00:00 end 01:00,,,,,,,,,,,,
,No-till raised bed rollermatic precision planter for PQNK,https://youtu.be/4QEeqf3I3uI?si=TJESrswojOZti4YQ,slot two ,Mulching play a very important role in the PQNK system. If we do not do the mulch properly then weeds can grow and and out land do not remain the humidy properly. First year we make the beds and we do mulch propely and on the beds we have to grow the crop. There are many machines which make the beds. Maybe in the first year the weeds can be grow so we have to cut the weeds from up the land and we have to not cut the roots because when we cut the weeds up from the land then the roots destroy and make the food of crop and it also make the way of water going to the crop.,start 00:00 end 00:45,,,,,,,,,,,,
,Performance of no-till precision PQNK planter,https://youtu.be/FWH5DR01kg0?si=1eRMiFcM_yp2sgNT,slot two ,Mulching is very important in the land because after  harvesting the crop we have to harvest the land above from the beds because these weeds grass and roots of the crop became the food of the next crop and they cover the land for this our land will remain soft and our land will remain the humidy. ,start 00:00 end 01:10,,,,,,,,,,,,
,Empowering Agricultural Education: Circular Production through the PQNK Framework at the University,https://youtu.be/5nw6H2BFgVk?si=IiSZVO5mxje_CwTS,slot two ,"Empowerig the agriculture eduction: Circular  protection through the PQNK framwork at the University of lahore; The faculty and students from the University of Lahore visited me for a two-hour session on circular production following the PQNK framework. The university is adopting an innovative approach to agricultural education by focusing on the circular production of vegetables. This collaboration reflects a strong commintment to practical learning and sustainablitity. By creating a showcase midel, they aim to demostrate the principles of PQNK for circular agriculture, emphasizing resource efficiency and waste reduction. We will provide mentorship and guidance for the successfull development and implementation of this model.",start 00:00 end 00:50,,,,,,,,,,,,
,Delectations with top scientists at (PARC) Pakistan Agriculture Research.,https://youtu.be/HHdVyJXVg6o?si=LG_bG8NtxD9sdCfA,slot two ,You will get the batter resultu in every crop in agriculture and in every vegetables and fruits because every lecture is avaliabe on the youtube of Doctor Asif Shrif Sahab you can get help from there and you can produce  crop without any cast.,start 00:00 end 00:35,,,,,,,,,,,,
,One Acre Prosperity model by PQNK,https://youtu.be/IHwhOwciGiA?si=otyQ9FHTQ5LUTyPw,slot two ,PQNK system is also successful system. Because it is natural systmem we are fallowing the natural system. Nutral system is comming since 40 lac year ago successfully. It is not possible that  we fail in PQNK. There are many peoples those fallowed the PQNk system and they susscessed. And the crop which is produced from the PQNK is also have more nutrition. Than the food which is produced with fertilizers and ploughing the land. On this system the crop height will increase. And this system is also save a lot of water and money and it save a our time. Because when we plough the land there is a lot of time and money spend on it. ,start 00:00 end 10:00,,,,,,,,,,,,
,"‘Path to cover up Technologies’. How devastation for food, quality and supplies started",https://youtu.be/SyLqnOo3_Y0?si=iq-r7IAsove6goIA,slot two ,There are many farmers those shift on the PQNK systme but they are Success if we properly fallow the PQNK system then we  success. ,start 00:00 end 02:00,,,,,,,,,,,,
,https://youtu.be/SyLqnOo3_Y0?si=iq-r7IAsove6goIA,https://youtu.be/iTTYP_VPQDI?si=o-dv5LyTFNGCbwc5,slot two ,We can grow all the vegetables all  the fruits vegetables and all the crops. So all the system is success  on beds. If we saw  on nuture the places which are above there are trees and the place which is down there are water. And we see the places where is not reach peopls there are lot of foods without any fertilizers and without any water and they have more nutriation. ,start 00:00 end 02:00,,,,,,,,,,,,
,PQNK one acre prosperity model,https://youtu.be/JGE6AiJiBik?si=Z-0GSwZqUA05YMAQ,slot two ,If we shift the Plants on the PQNK then the Fruting with the plants will increase and taste in the fruits will increase.,start 00:00 end 05:00,,,,,,,,,,,,
,one acre prosperity model/we can earn a good money from one acre ,https://youtu.be/ytfBRSpBGmQ?si=NK5U78jmAYtZc5jc,slot two ,If we have a garden like citrus and grapes and other gardens so the distance between two beds we can also grow there vegetables and crops. We have to make only time beds and grow the seed. And we have to harvest. We can produce crop without any cost. ,start 00:00 end05:00,,,,,,,,,,,,
,PQNK - The Natural Ecosystem Science schooling.,https://youtu.be/YpLeCGjd-to?si=HP_Q1JPoMbqgP62H,slot two ,"Showcase Training Farms  & prevision Centers PQNK schooling. Basic healthcare, hygiene, exercises, clothing, posture. Knowledge of human and animal food needs. Ethics morals, manners, self-respect, relationship, development&maintenance. Pleasuring. How to think for consistent growth. Reasding , writing, communicatopm, computer use, data collection, synthesizing and usage.Natural algorithms of soil fertility and vegetation. Action learning-transiption from conventional to PQNK. Process adaptation-machinery use, maintenance, Service providing (SP). Seed selection, labeling , collection, separation and storage. Nursery growing, grafting and propagation. Nursery growing, grafring and propagation. Harvesting &post harvesting. Certifications. Storages, preservation. Value addition-hygienic food processing and packaging. Placement.",start 00:00 end 18:00,,,,,,,,,,,,
,PQNK in Africa,https://youtu.be/fKYQMjKMgdE?si=DjIuRr7yx8oDhWM6,slot two ,In the Aficran Countries the Peoples are growing the crops on the beds systems. And they are getting a better result. ,start 00:00 end 01:23,,,,,,,,,,,,
,Rice on PQNK in Indonesia. No input applied,https://youtu.be/wbl9Vbpto-g?si=A9DSYNXXuOwiIqZl,slot two ,In the Indonesia the peopls are growing the rice and other crops with PQNK system. ,start 00:00 end 00:38,,,,,,,,,,,,
,One Acre Prosperity model by PQNK,https://youtu.be/IHwhOwciGiA?si=NT1jqaTK1EdJOtyh,slot two ,In the india there many peopls those are fallowing the PQNK and they are successsed now and they are getting the crop without any cost. and they are getting the profit.,start 00:00 end 10:00,,,,,,,,,,,,
,Cotton on PQNK,https://youtu.be/Nziem28U3As?si=tqcxtVJyfW0lcXcn,slot two ,A farmer from India reports that: He planted cotton he success now. Because we spend a lot of money on the crops and spray but the food have no nutrition. But the crop which is produce with PQNK is more beautiful and have more nutrition. And without any cost.  ,start 00:00 end 01:30,,,,,,,,,,,,
,A farmer from Nepal took the initiative and planted cauliflower on PQNK for the first time.Excellent,https://youtu.be/pQmuFeJeBOs?si=OPWQT4Dm0yzKMdjw,slot two ,A farmer he is from nepal and is success on PQNK system at the first time. If we fallow the PQNK  system then we never fail and nothing can attack on the crop. In many times if the disease come in one crop then it effect all the crops and destroy the crops. If we grow the crops on the PQNK  then there is no disease can attack on the crops.,start 00:00 end 03:00,,,,,,,,,,,,
,Certifications required for export,https://youtu.be/VfTXHeElMDI?si=hWCNn-GA36H0rCBv,slot two ,Certifications required for export: If we want to sell our product with good money then we have to fallow these steps; Quarantine. If we are transporting the Fruits from one coutnry to another coutry then are a lot disease and there is a lot of pestcide harmful on on the fruits can be then we should clean the these fruits from washing in the hot water for this the harmful pesticides will kill. The seconed thing is that Acceptable Residue level. On fruits there is no use of fertilizers and there is no use of spray the fruits should be clean and should be produce with out any pestcides. Traceability. When a man buy our things he want to know that where is growing this fruits or these vegetables. Good  agriculture practice. There should be a clean system of the agricultre the farmes use the ghalffcs and he he wear clean thing. Godd manugacturing practice- Organic produce. Natural produce. And crop should be organic and there should be no use of fertilizers. ,start 00:00 end 10:00,,,,,,,,,,,,
,PQNK Farming Initiative - A Proposal for Farmers,https://youtu.be/Gc1CVp9Wzjk?si=RV_F4vCZo0gpN9ju,slot two ,"Fellow the PQNK practitioners. We've been observing the incredible results many of you are achieving with PQNK farming methods. The quality, taste, nutrition density, flavor, and aroma of you produce speaks for itself-truly poison - free cultivation without any pruchased inputs! Have consisdered to power we might have if we joined force as PQNK farmers? We'd like to suggest forming a farmer's association as a private Liimited company where: All practicing PQNK farmers would become members. Members would elect a representative body. This body would monitor proper application of PQNK production process. Mostly  importantly, the association would work on ""sell before you produce ""maketing strategy. Imagine an association that connect dorectly with processing industries, wholesalers, exporters, retailers, and consumers- demonstrating the superior qualities of PQNK produce and securing commitments before planting season even begins. Pemember: With PQNK, we're proving that everything plants need is already available in the soil in sustainable form. When we create the right environment for soil microorganisms. Pakistan production is reduced from the 1.6 to 1.1. Only there solution is that PQNK. ",start 00:00 end 18:00,,,,,,,,,,,,
,"Hardpan on PQNK, ",https://drive.google.com/file/d/1y3mT19DQVNkEFzB2eB5UFDc5KgXX_LkH/view?usp=sharing,slot two ,On the PQNK system. When we will shift our land on the PQNK on the step we have to break the hardpan properly. Because for this our  crops will gow down and for crop will not effected with the strom and heavy rain. ,start 00:00 end  02:10,,,,,,,,,,,,
,PQNK ,https://drive.google.com/file/d/10rZcfQ4t_IYKpKb8_h_t4u8z68h469c8/view?usp=drive_link,slot two , Form using the differeent fertilizers and from ploughing the land again and again our lands are weak and for this water observation is dcreased. So we have to  increase the capacity of the water observation. On the PQNK system only one time we have to plough the land with chiesel. And we have to break the hardpan. So for this the roots of the crops will go down and our crop will grow fast. The PNQK systme is also save  a lot of water and it also save a lot of money and on this system we can produce a better crop. ,start 00:00 end  02:48,,,,,,,,,,,,
,Important things for  every crop,https://drive.google.com/file/d/108pQj7w_oxoIXGXnvf7FXisSKViUKA7x/view?usp=drive_link,slot two ,There are two things which is required to the crop sun light and water. If we want to grow every thing  then these two things are avaliable to the crop then the crop will grow soon every crop. ,start 00:00 end  00:34,,,,,,,,,,,,
,"Mulching & planting on PQNK Aug 26,2024",https://www.youtube.com/watch?v=N74aXF4jAV0,slot two ,Mulching is very important in the land because after  harvesting the crop we have to harvest the land above from the beds because these weeds grass and roots of the crop became the food of the next crop and they cover the land for this our land will remain soft and our land will remain the humidy. ,start 00:00 end  01:09,,,,,,,,,,,,
,"PQNK A Comprehensive Solution for Agriculture, Health, and Climate Aug,24,2024",https://www.youtube.com/watch?v=kM_6QBw8C-k,slot two ,"A comprehensive soluation of agriculture, health, and climate. There are many benefits of  agricuture system if we grow the crops on the PQNK then  it save a lot of time and money and it save a the water. So when we eat the foods which have more nutrition then it is also good for our health.  There are many benefits on the PQNK like social benefits and health benefits and environment benefits. ",start 00:00 end  01:10,,,,,,,,,,,,
,"Tools, weapons, and technologies that have transformed life throughout history August. ",https://www.youtube.com/watch?v=hAR4_YJVmZQ,slot two , Dicription: Early human used sharpened stones for cutting hunting and protection. Impact on socity: Enables human to  hunt prepare food and defen them selfes laying the foundeation for survevail and developmet. Agriculture plow;  When the human  make the plough then  it kill the micros and after the sceond world war the companies  those were making the machineries for war they started to make the machineries of agriculture like tractor and plough and other agriculutre sytem things. So the companies those were making the weapnes they started to make the fertilizers so these things is also not good for  crops. ,start 00:00 end  04:11,,,,,,,,,,,,
,Unveiling Nature's Blueprint: Addressing Soil Mineral Availability in Agricultural Practices,https://www.youtube.com/watch?v=m9h1qdaYG5Q,slot two ,Unveiling Nature's Blueprint: Addressing Soil Mineral Availability in Agricultural Practices. Why we use the fertilizers  in our crops  those are without PQNK. So when we started to plough the land then the micros those were giving the  food to the plants and crops those died because by poughing the land again and again the micros died and our land distrub so therefore  do not produce as wll as should. Therefore we use fertlizers and different sprays because our crops is are weaks and any insects attack on the crops. On the PQNK system only one time we have to make the beds and we have to  break the hard pan with chiesel plough. So  and we have to grow and harvest the crop. When we grow the crops on the PQNK then there is a little chance that any insects can attack on it so. It save a lot of time and money. So now a days there are many farmers those are growing the  crops in their lands but they do not getting the profit form thier crop there main reason is that we spend a lot of money on the agriculutre sytem and we can not get profit we spend money on fertilizers and seeds and ploughing the land and machineries. ,start 00:00 end  08:00,,,,,,,,,,,,
,Open Field Vertical Farming - OFVF on PQNK. ,https://www.youtube.com/watch?v=yOj7Zrb4It0,slot two ,"Open Field Farming OFVE and PQNK. Heigher prodection is tunnel farming is a result of vertically growing plants. Vines such as tamatoes, cucumbers, and aeration and space-saving. Additionally, the fruit remains spotless and cleaner because it doesn't touch the soil. The tunnel production management system yields similar results when applied in open fields on PQNK, with the lowest cost of production and the highest quality. ",start 00:00 end  03:00,,,,,,,,,,,,
,VIPP - Vertical Insertion Precision Planter. ,https://www.youtube.com/watch?v=HC-I4d7TOFM,slot two ,"The Single Row vertical Insertion precision Planter (VIPP) is designed for smallholders. It can plant all types of seeds with precision on PQNK parmanent raised beds. Different kinds of seeds can be planted without changing the seed spool, and the seed-to-seed distance can be set at 4"", 8"", 12"", or 16"". It can plant seeds in alomost all kinds of mulch without disturbing the soil. The machine has a power assist feature to reduce the power requirements and ease to operatioon. It is a sturdy, long losting machine that is easy to operate and mantain.  ",start 00:00 end  04:40,,,,,,,,,,,,
,PQNK - the science of natural vegetation. ,https://www.youtube.com/@aasifsharif/videos,,Here you can learn all the basic of PQNK and you can produce a batter crop. ,,,,,,,,,,,,,
,SIPP SLIT INSERTION PRECISION PLANTER FOR PQNK. ,https://www.youtube.com/watch?v=eZchOqfpMSM,slot two ,Sipp slit insertion procision planter for PQNK. You can use this machine easly and you can grow every seed from this machine. ,start 00:00 end  01:55,,,,,,,,,,,,
,This is how PQNK protect plants? ,https://www.youtube.com/watch?v=X5CRYnE6Atg,slot two ,When we grow the crops on the PQNK then  no pesticde can attack on the crop because there are many micros those  attack on the harmful  pestcide. If any pestcide attack on the crops then it do not effect  to plant. ,start 00:00 end  01:25,,,,,,,,,,,,
,Utilizing High TDS Water in PQNK Agriculture English. ,https://www.youtube.com/watch?v=CT-e8RJ8QrU,slot two ,Water management is every important in the PQNK. Because if we give a lot of water to the crops then out crops can effect with the different disease and our seed can effect so we have to give the water only thosetimes when the crop will offer. We have to check the clay we have to press the clay by our hands if the clay is gathering then our land have humidy and if  the clay is not gathering then  we have to give the water. ,start 00:00 end  01:45,,,,,,,,,,,,
,Debunking the Myths: The Truth About Tsunami Tree Plantations. ,https://www.youtube.com/watch?v=OkDFPpYKEUk,slot two ,There are many advantages of the cover the  land because when we cover the land then it also remain the humidy and for this our land remain cool and  the micros live. So when we plough the land then  the micros distrub  and they die and when we do not cover the land then our land do not remain the humidy and the land became the hard. So the PQNK the covering the land is very important. ,start 00:00 end  04:00,,,,,,,,,,,,
,"PQNK Revolutionizing Agriculture, Social Welfare, Health, Climate, and Beyond. ",https://www.youtube.com/watch?v=WBZKJYYW_xk,slot two ,"PQNK: Revolutionizing Agriculture, Social Welfare, Health, Climate, and Beyond.. PQNK  Multifold Impact: Resolving Multifold Impact: PQNK offers a groundbreaking solution to trackle water scarcity, ensuring a more sustainable and water-abundant future. Balancing Water Scarcely: PQNK's innovative approach effectively manages axcess water, miligating the impacts of both droughts and floods. Enhancing Agruculture Viability: PQNK serves as a shield against both waves and cold snaps, promoting stability in climate-sensitivity for crop production. Enhancing Agriculture viability: PQNK significantly reduces production costs while elevating crop quality, revolutionizing farming practices. Safegurding Public Healht. PQNK nutrition dense food proactiv measure lead to disease prevention and healthier cummunities. Uplifting Farmers: PQNK directly adressesfarmer poverty, creating opportunities for economic  advancement. Ensuring Food Security: PQNK directly adresses farmer poverty, creating oppertunities for economic advancement. Ensuring food Security: PQNK fosters food sovereignty by bolstering agricultural yields and minimizing dependency on external source. Economic Prosperity: PQNK generates employement opportunities, particularlty benefitting rural areas and engaging the youth. ",start 00:00 end  03:00,,,,,,,,,,,,
,Q: Why do plant leaves differ in size from one another?,https://www.youtube.com/watch?v=k0R4Bphn7zE,slot two ,The leaves of the plants have different size. When the leave change their color then  the leaf fell down and new leaf produce new leaves.  ,start 00:00 end  04:50,,,,,,,,,,,,
,PQNK: The Natural Protection System control fruit fly on rapeseed crop. ,https://www.youtube.com/watch?v=1aiMkCcrgJM,slot two ,"PQNK: The Natural Protection Sytem. The vedio showcases a canola crop that has been infused with toxic proteins by the Bt microbs. As a result, the fruit fly that was trying to lay aggs in the pods got stuck and was unable to pull its sting and fly away, eventually dying along with its larvac, if they could hatch. Furthermore, nutural predators are depicted actively preying on sucking insects, sontributing to pest contorl. BT is a nutrally occurring microbs found in soil that produce proteins toxic to various types of immature insects (larvae). It targets different insects groups, such as sucking, chewing, eating, caterpillars, bollworms, bollworms, beetles, mosquitoes. ",start 00:00 end  02:00,,,,,,,,,,,,
,Papaya: The Profitable Tropical Plant. ,https://www.youtube.com/watch?v=8k2H4GnnSa8,slot two ,we can also grow the papaya on the PQNK. Because without PQNK we spend a lot of money on the fertilizers and we give the water again and again  and we have to check again and our plants at the end maybe from one mistake our papaya can distroy and it can effect from one mistake. But on the PQNK only we have to give the water.,start 00:00 end  03:20,,,,,,,,,,,,