Video  No,Video Title,Video Link,Video Slot,Transcription,Timestamps,Information,Quotations,Speaker Name,,Video Length,Priority,Topic,Video Start Link,Video End Link,Generic Info,Citation,Video Quality
,,,,,,,,Team Member,Non- Team Member,,,,,,,,
1,Year-round crop production without irrigation,https://youtu.be/B9gjgKTn8Co?si=3n8sl5XNj8jPlQGh,Slot 2,"When we look at the natural system of farming, which is a picnic, and the other principles of the picnic, we have started adopting them, such as plowing, walking in water, not letting the land drown, and keeping the land covered with organic mulch.",00:00–00:23,Direct Info,Quote 4,TRUE,FALSE,16:55 min,Medium,Nature's Irrigation System for Plant Growth,Start,End,General information.,,Lectures 
,,,,"These are the basic principles of nature. One principle that we need to look at is how nature has kept this land and the world green and fertile for 4 billion years, and how it provided water to the plants.",00:24–00:40,,,,,,,,,,,,
,,,,And what were the methods of delivering water? How did nature provide water to plants? Because water for plants is as essential as blood is to us. Blood carries food and oxygen from our stomach and lungs to all body cells.,00:41–01:05,,,,,,,,,,,,
,,,,"In the same way, when water enters the soil or when the land is moist, the minerals and microbes mix, and the water rises, providing minerals to fulfill the plant’s needs, and pure water evaporates.",01:06–01:24,,,,,,,,,,,,
,,,,"So, we need to understand how nature ran this process. If you look at nature’s system, the land is not level anywhere; Allah created vegetation for greenery, for plants, and to produce food for all living beings. The low areas were created for water and for animals, forming a new system.",01:25–02:01,,,,,,,,,,,,
,,,,"So, the water that reached all the plants was through a method created by nature, and that method was rainfall first, then dew (which we call ""Os""), and third, the moisture in the air.",02:02–02:20,,,,,,,,,,,,
,,,,"These are the three things that naturally provide water to plants—a back-to-back system. If rainfall doesn't occur, where there is less rainfall, there will be more dew, and where there is less dew, humidity will rise. So, there is a backup system in place to ensure that plants never feel a shortage of water.",02:21–02:42,,,,,,,,,,,,
,,,,"This system only works if we adopt all of nature's systems properly. Now, what did we do? We started leveling the lands. We said that the natural system might not be fully organized or effective, so we used our intellect to level the lands.",02:43–03:09,,,,,,,,,,,,
,,,,"And before leveling, we began plowing the land to expose it, meaning that the natural landscape and the landscape chosen by humans had a stark difference.",03:10–03:21,,,,,,,,,,,,
,,,,"The difference between the two was that nature never exposed the land. It never disturbed the land, and it never allowed water to accumulate on the surface, but we decided to go completely against nature's way.",03:22–03:36,,,,,,,,,,,,
,,,,"Due to Nile and Bekley, the first thing we did was disturb the land by plowing it, and as a result, the natural habitat system broke down and caused damage.",03:37–03:54,,,,,,,,,,,,
,,,,"After that, when the land gets flooded and plowing is done, the water will evaporate, and the land will become dry. When the land is dry, you will need to irrigate it. This method is called flood irrigation.",03:55–04:22,,,,,,,,,,,,
,,,,"Later, some farmers took it to the next level, and the next level was creating channels. The work of creating channels started in the early 70s, which brought some improvement, but still, the channels were so small that they got saturated with water quickly, which is why it didn't bring much benefit.",04:23–04:49,,,,,,,,,,,,
,,,,"After that, in many areas where it didn't rain often, and the land was disturbed and exposed just like we plowed it, the water coming from the natural sources for irrigation was either less or not enough.",04:50–04:59,,,,,,,,,,,,
,,,,"They then implemented sprinklers, a system like artificial rainfall, which was used when there was a drought, no rainfall, or a long gap between rains, to make up for the water shortage.",05:00–05:29,,,,,,,,,,,,
,,,,"Later, drip irrigation systems began in some areas. Drip irrigation involves delivering water drop by drop to plants where there is a shortage of rain or water. This system was mainly implemented in sandy areas or regions where the land could not be leveled.",05:30–05:54,,,,,,,,,,,,
,,,,"Now, this whole system is a man-made system. We said that if we...",05:55–06:00,,,,,,,,,,,,
,,,,"If the principles are being followed during a pqnk,",06:01–06:04,,,,,,,,,,,,
,,,,"the water system should also be followed properly. For that, we implemented a raised bed system, which is natural, as in the upland and lowland system, within the field.",06:05–06:16,,,,,,,,,,,,
,,,,"We replicated the upland and lowland system in the field, created raised beds, and dug channels between them to allow water to penetrate and keep the beds moist.",06:17–06:33,,,,,,,,,,,,
,,,,"This ensures plants stay hydrated, and also allows a tractor to pass. In case of heavy rain, excess water can be drained away.",06:34–06:50,,,,,,,,,,,,
,,,,"This raised bed or water system is a natural system and is quite close to how nature organizes crops, with higher areas for crops and lower areas for water.",06:51–07:03,,,,,,,,,,,,
,,,,"Following this system, these beds were created.",07:04–07:10,,,,,,,,,,,,
,,,,"The natural system for water distribution includes rain, dew, and moisture in the air.",07:11–07:25,,,,,,,,,,,,
,,,,"Many natural mechanisms are in place to initiate this system, such as rain, dew, and moisture in the soil.",07:24–07:42,,,,,,,,,,,,
,,,,"Nature’s system has multiple backups, as relying on just one element could fail due to seasonal variations.",07:43–07:56,,,,,,,,,,,,
,,,,"Nature has its own system, and to maintain it, organic mulch is used, and the soil is not disturbed, ensuring that microorganisms perform their role effectively.",07:57–08:05,,,,,,,,,,,,
,,,,I will explain the processes nature has in place to ensure that plants never face water shortages.,08:06–08:23,,,,,,,,,,,,
,,,,"When we disturbed this system, many problems arose, and we had to create additional systems, depleting the aquifers of water.",08:24–08:46,,,,,,,,,,,,
,,,,This happened due to our lack of understanding and insufficient knowledge.,08:47–08:55,,,,,,,,,,,,
,,,,"Now, let's discuss the natural system—first, rain plays a key role.",08:56–09:02,,,,,,,,,,,,
,,,,"Even where rain doesn’t occur, other factors play their role in ensuring water availability.",09:03–09:15,,,,,,,,,,,,
,,,,"After rainfall, dew helps fill the soil’s water deficit, fulfilling the plant's water requirements.",09:14–09:40,,,,,,,,,,,,
,,,,Moisture in the air ensures that the plant never faces a shortage of water.,09:41–10:01,,,,,,,,,,,,
,,,,"When it rains, the water is absorbed into the soil and becomes available to plants.",10:02–10:34,,,,,,,,,,,,
,,,,"The runoff is prevented; instead, water storage is managed properly within the soil.",10:35–10:59,,,,,,,,,,,,
,,,,"Due to capillary action, water slowly moves toward the plant roots where needed.",11:00–11:55,,,,,,,,,,,,
,,,,"Water moves from one end to another, moisturizing the soil, until the roots benefit from it.",11:56–12:00,,,,,,,,,,,,
,,,,Micro-hazard fungi play a very important role in this system.,12:01–12:22,,,,,,,,,,,,
,,,,"They extend the roots’ reach, providing water and nutrients to the plants.",12:23–12:32,,,,,,,,,,,,
,,,,"Some plants store water within themselves, making it available for others if needed.",12:33–12:54,,,,,,,,,,,,
,,,,Nature’s systems restore and protect vegetation and ensure healthy food production.,12:55–13:36,,,,,,,,,,,,
,,,,"If we allow nature to function properly, all the systems fall into place and function as intended.",13:37–13:49,,,,,,,,,,,,
,,,,We plant seeds because we want to grow specific crops for harvest.,13:50–14:05,,,,,,,,,,,,
,,,,"When nature’s system is allowed to work, no extra input is required.",14:06–15:39,,,,,,,,,,,,
,,,,There is no need for external inputs.,15:40–15:59,,,,,,,,,,,,
,,,,"The natural system moves water efficiently to plants via capillary action and root adaptation.Just like in forests, in concentrated farms, we need to plant seeds for growth.",16:00–16:04,,,,,,,,,,,,
,,,,"Otherwise, no kind of intervention is needed to plant seeds because we do not disturb the soil.",16:05–16:12,,,,,,,,,,,,
,,,,"That’s why we use a slit-till planter, also known as a no-till planter.",16:13–16:16,,,,,,,,,,,,
,,,,This allows us to plant seeds without disturbing the soil.,16:17–16:20,,,,,,,,,,,,
,,,,And this entire process is completed without disturbing the soil.,16:21–16:28,,,,,,,,,,,,
,,,,"So, I’ve explained that the natural water system is so efficient. If we water properly, plants do not face any issues.",16:29–16:33,,,,,,,,,,,,
,,,,"Plants will be happier, produce more, and yield high-quality production.",16:34–16:46,,,,,,,,,,,,
,,,,"Therefore, it's crucial to understand this entire system properly. Thank you very much.",16:47–16:55,,,,,,,,,,,,
2,Ginger production on PQNK,https://youtu.be/JD5QYn1xQXQ?si=TzjnSH-N5t2YVNEx,slot 2,Ginger production on PQNK,00:00–00:03,Direct Info,Quote 4,TRUE,FALSE,16:55 min,High,Optimizing Ginger Yield with PQNK,Start,End,more specific ,,Outdoor Survey 
,,,,"Steps and Guidelines for Ginger Cultivation:
- Begin by leveling the field with a laser.
- Break the hard pan and make raised beds.
- Plant ginger on the prepared beds.
- As ginger grows (4-5 feet), apply a mulcher to distribute mulch on the beds.
- Maintain soil temperature at ~25°C with regular mulching.
- Intercropping with crops like corn or vines can help in hot climates.
- Ginger can also be grown in orchards.
- Ethanol helps plants withstand midday heat.
- Use well-drained loamy and slightly acidic soils for optimal growth.",20:00–15:35,,,,,,,,,,,,
,,,,"Planting and Care Instructions:
- Use disease-free rhizomes for planting.
- Plant in 4 rows on a 42-inch bed with 12-inch spacing.
- Depth of planting: 3-4 inches, bud facing upward.
- Apply thick organic mulch if janter isn't used for soil preparation.
- Maintain soil moisture (40% water, 60% air) and monitor for adequate rainfall.",16:42–18:23,,,,,,,,,,,,
,,,,"Harvesting and Post-Harvest Guidelines:
- Ginger is ready for harvest 8-10 months after planting.
- Look for yellowing of lower leaves as a maturity indicator.
- Dig carefully to avoid damaging rhizomes.
- Clean, wash, and air-dry rhizomes in the shade.
- Package in ventilated bags/crates to prevent mold.
- Yield: 100-200 pounds per acre depending on conditions",18:33–19:31,,,,,,,,,,,,
,,,,"Additional Considerations:
- Monitor for mineral deficiencies, pests, and diseases when converting to the PQNK method for the first time.
- Apply supplements sparingly to address deficiencies.",19:31–19:53,,,,,,,,,,,,
,,,,Ginger production is a testament to the success of the PQNK process alongside garlic and other crops.,19:55–20:01,,,,,,,,,,,,
3,Citrus 🍊 on PQNK,https://youtu.be/YPU7684ReTw?si=vDtjVFy7-4g1wOI6,Slot 2,skip,,Direct Info,Quote 4,TRUE,FALSE,16:55 min,High,,Start,End,General information.,,Outdoor Survey 
4,Climate change is another scam.,https://www.youtube.com/watch?v=WXkku8sBU8Q,Slot 2,"UN Secretary warns that humanity has worsened the climate crisis, likening it to ""opening the gates to Hell.""",0:02 - 0:07	,Indirect Info,Quote 4,TRUE,FALSE,1:58 min,Low,,Start,End,General information.,,Outdoor Survey 
,,,,"Climate change concerns are manipulated by interest groups for global population control.
",0:07 - 0:17	,,,,,,,,,,,,
,,,,"Industrial agriculture is a major contributor, intensified from ancient Homo sapiens' practices (10,000 years ago).
",0:17 - 0:38	,,,,,,,,,,,,
,,,,"- Makes up only 0.04% of the atmosphere.
- Humans contribute only 3% of this amount.
- CO₂ is essential for plant growth, and higher levels existed in the past.",0:38 - 0:55	,,,,,,,,,,,,
,,,,"	- Emitted by dairy animals fed low-quality fodder from industrial agriculture.
- Methanotroph bacteria help regulate atmospheric methane levels",0:55 - 1:12	,,,,,,,,,,,,
,,,,"- Emitted from agriculture, industrial processes, and combustion.
- Agriculture contributes ~70% of global human-caused N₂O emissions.",1:12 - 1:31	,,,,,,,,,,,,
,,,,"- Retention of 3 watts per square meter of energy by bare soil, caused by industrial agriculture.
",1:31 - 1:38        ,,,,,,,,,,,,
,,,,"- Excessive atmospheric water due to poor agricultural practices (e.g., overmining underground water, reduced soil infiltration).
",1:38 - 1:56	,,,,,,,,,,,,
5,Furrow Irrigation in sandy soil on PQNK,https://www.youtube.com/watch?v=LrZwUR4nxGw,Slot 2,"This video discusses effective water management techniques for agriculture, emphasizing slow water absorption and proper leveling of drainage channels. The speaker shares a personal experience of overcoming past failures by applying these principles successfully.",4:09 min,Direct Info,Quote 4,TRUE,FALSE,,Low,Irrigation in sandy soil ,Start,End,General information.,,Outdoor Survey 
6,Sugarcane on PQNK high yield low production cost,https://www.youtube.com/watch?v=Ph17mHBNdeg,Slot 2,skip (irrelevant),,Direct Info,Quote 4,TRUE,FALSE,,Low,,Start,End,General information.,,Outdoor Survey 
7,Rethinking Fallowing Land - Challenging Conventional Thinking,https://www.youtube.com/watch?v=d2QNTWVE_6w,Slot 2,rethinking following land challenging,0:01,Direct Info,Quote 4,TRUE,FALSE,,Low,,Start,End,General information.,,Outdoor Survey 
,,,,	conventional thinking,0:04,,,,,,,,,,,,
,,,,	the traditional belief that following,0:06,,,,,,,,,,,,
,,,,	land is necessary to restore soil,0:08,,,,,,,,,,,,
,,,,fertility control weeds and pests has,0:10,,,,,,,,,,,,
,,,,been ingrained in agricultural practices,0:12,,,,,,,,,,,,
,,,,however it's important to recognize the,0:15,,,,,,,,,,,,
,,,,adverse effects of fallowing which can,0:18,,,,,,,,,,,,
,,,,result in significant damage to the soil,0:20,,,,,,,,,,,,
,,,,and its ecosystem,0:22,,,,,,,,,,,,
,,,,the harmful effects of following land,0:24,,,,,,,,,,,,
,,,,when soil is plowed and left bare,0:25,,,,,,,,,,,,
,,,,several adverse effects occur,0:28,,,,,,,,,,,,
,,,,demolished habitat for soil organisms,0:30,,,,,,,,,,,,
,,,,plowing disrupts and destroys the,0:33,,,,,,,,,,,,
,,,,habitat of essential soil organisms,0:35,,,,,,,,,,,,
,,,,leading to a decline in biodiversity and ecological balance,0:39,,,,,,,,,,,,
,,,,loss of root systems the uprooting of plants during plowing removes the root,0:43,,,,,,,,,,,,
,,,,systems that provide essential passages,0:45,,,,,,,,,,,,
,,,,for the infiltration of air and water,0:47,,,,,,,,,,,,
,,,,into the soil,0:49,,,,,,,,,,,,
,,,,	soil collapse and reduced water,0:50,,,,,,,,,,,,
,,,,absorption the absence of plant roots,0:52,,,,,,,,,,,,
,,,,	causes the soil to collapse reducing its,0:55,,,,,,,,,,,,
,,,,capacity for water absorption and,0:57,,,,,,,,,,,,
,,,,aeration this impairs the soil's ability,0:59,,,,,,,,,,,,
,,,,to retain moisture and nutrients,1:02,,,,,,,,,,,,
,,,,necessary for plant growth creation of heart pan frequent plowing can create a hard pan a compacted layer of soil that restricts root growth andhinders water life forms Thrive which can besoil pores created by plowing anaerobicdevelopment of anaerobic life in airless infiltration  detrimental to the aerobic life required by plants to flourish ,1:24,,,,,,,,,,,,
,,,,increased water evaporation bare soil,1:26,,,,,,,,,,,,
,,,,exposed to the elements experiences,1:29,,,,,,,,,,,,
,,,,higher rates of water evaporation,1:31,,,,,,,,,,,,
,,,,leading to the loss of moisture crucial,1:32,,,,,,,,,,,,
,,,,for sustaining aerobic life,1:35,,,,,,,,,,,,
,,,,soil temperature rise in the absence of vegetation cover soil temperatures can soar to extreme levels reaching over 70 degrees Celsius in the summer which is detrimental to the survival of plants and soil organisms,1:37,,,,,,,,,,,,
,,,,burning of organic matter without protective vegetation cover organic matter in the soil is susceptible to burning off under high temperatures resulting in the loss of vital nutrients and soil structure,1:51,,,,,,,,,,,,
,,,,loss of weed cover weeds play a crucial role in covering the soil maintaining moisture and regulating temperature falling can cause the death of these beneficial plants further exacerbating the negative impact on soil health,2:02,,,,,,,,,,,,
,,,,rethinking following land challenging conventional thinking,2:22,,,,,,,,,,,,
,,,,lifeless soil collectively these factors contribute to the degradation of the soil rendering it lifeless and unsuitable for sustainable agricultural practices,2:26,,,,,,,,,,,,
,,,,by acknowledging the adverse effects of following land we can recognize the urgent need to rethink and adopt sustainable Alternatives that promote soil Health biodiversity and long-term productivity,2:36,,,,,,,,,,,,
,,,,in light of the adverse effects of following land it becomes evident that a paradigm shift is necessary in our approach to agriculture by embracing the principles of pqnk Peter tratty Nissan kashada kiari a sustainable natural farming system we can revolutionize the way we cultivate Our Land,2:50,,,,,,,,,,,,
,,,,pqnk emphasizes the importance of nurturing soil Health preserving biodiversity and implementing practices that promote long-term sustainability by avoiding the harmful practices of plowing and leaving soil bare we can protect the habitat of essential soil organisms maintain the Integrity of root systems and prevent soil collapse,3:08,,,,,,,,,,,,
,,,,	furthermore pqnk encourages the preservation of continuous vegetation cover which regulates soil temperature prevents water loss through evaporation and protects organic matter from burning by doing so we can create a favorable environment for beneficial bacteria ensure aeration and water absorption capacity and avoid the development of anaerobic life harmful to plant growth,3:29,,,,,,,,,,,,
,,,,additionally pqnk recognizes the significance of weeds As Natural soil cover essential for moisture retention and temperature regulation by maintaining proper soil structure and reducing water evaporation we can mitigate the growth of weeds and address the underlying issues of soil collapse and bare soil,3:52,,,,,,,,,,,,
,,,,in conclusion by adopting the principles of PQ and K we can unlock the potential of sustainable natural farming this approach enables us to enhance soil fertility protect the environment and ensure long-term food production it's time to embrace this transformative system and cultivate a future where Agriculture and nature coexists harmoniously for the benefit of present and future Generations,4:11,,,,,,,,,,,,
8,Is crop rotation necessary on PQNK?,https://youtu.be/FqCUvoiHaTg?si=iPA7WF8pFNBsm-nN,Slot 2,is crop rotation necessary,0:01 - 0:05,Direct Info,Quote 4,TRUE,FALSE,,Medium,,Start,End,General information.,,Lectures 
,,,,in the past crop rotation was widely regarded as an indispensable component of sustainable agriculture,0:05 - 0:11,,,,,,,,,,,,
,,,,however Recent research challenges the notion that crop rotation is universally necessary for ensuring sustainability in farming systems,0:11 - 0:18,,,,,,,,,,,,
,,,,one alternative approach gaining traction is pqnk permaculture or circular production a system rooted in natural ecosystems designed to facilitate year-round crop growth,0:18 - 0:31,,,,,,,,,,,,
,,,,pqnk recognizes that crop types can remain consistent or vary based on seasonal considerations,0:31 - 0:35,,,,,,,,,,,,
,,,,the core principle behind pqnk is the establishment of a self-sustaining ecosystem that Fosters harmonious interactions between plants and animals resulting in a well-balanced and highly productive system,0:35 - 0:49,,,,,,,,,,,,
,,,,furthermore the volume of sustainable minerals in the soil never depletes meaning that with the right farming practices we can continue to grow crops on the same land Forever Without degrading the soil,0:49 - 1:00,,,,,,,,,,,,
,,,,this is because natural ecosystems have developed a balance between the plants animals and microbes that inhabit them,1:00 - 1:07,,,,,,,,,,,,
,,,,Recent research has shown that there is an abundance of all kinds of materials that plants require for vigorous growth in the soil,1:07 - 1:13,,,,,,,,,,,,
,,,,however these minerals are not always in a form that is readily available to plants,1:13 - 1:17,,,,,,,,,,,,
,,,,microbes in the soil play a crucial role in making these minerals available to plants in a proportionally balanced form,1:17 - 1:26,,,,,,,,,,,,
,,,,this new understanding of the soil has the potential to revolutionize agriculture as we know it,1:26 - 1:31,,,,,,,,,,,,
,,,,moreover agriculture which started 10 000 years ago has relied on tillage-based systems that kill soil microorganisms with plowing inundation and keeping soil naked without organic mulch,1:31 - 1:45,,,,,,,,,,,,
,,,,this practice not only kills life in the soil but also Burns organic matter as soil temperature in a naked soil can rise to 70 degrees Celsius in summer,1:45 - 1:54,,,,,,,,,,,,
,,,,it is important for us to incorporate this new understanding of the soil into our farming practices,1:54 - 1:58,,,,,,,,,,,,
,,,,we must move away from tillage-based systems and embrace regenerative farming techniques such as pqnk,1:58 - 2:05,,,,,,,,,,,,
,,,,industrial agriculture is an augmented form of Agriculture started by Homo sapiens some 10 000 years ago,2:05 - 2:12,,,,,,,,,,,,
,,,,in the context of pests and diseases it is now understood that they are part of the recycling system in the natural world,2:12 - 2:18,,,,,,,,,,,,
,,,,when crops are healthy pests and diseases are naturally suppressed,2:18 - 2:23,,,,,,,,,,,,
,,,,however in the event of an infestation the natural mechanisms of protection such as the presence of BT bacteria and Predators play an effective role in controlling them,2:23 - 2:34,,,,,,,,,,,,
,,,,this understanding challenges the argument that crop rotation is necessary for the management of pests and diseases,2:34 - 2:40,,,,,,,,,,,,
,,,,similarly weeds which have traditionally been managed through crop rotation are now seen as a potential solution rather than a problem,2:40 - 2:47,,,,,,,,,,,,
,,,,weeds often thrive in areas where the soil is compacted water absorption is reduced or where the soil is left bare,2:47 - 2:54,,,,,,,,,,,,
,,,,however they play a beneficial role in the ecosystem by increasing the porosity of the soil reducing water evaporation and moderating soil temperatures,2:54 - 3:05,,,,,,,,,,,,
,,,,when the soil is well covered with Organic mulch the emergence of weeds is less likely,3:05 - 3:09,,,,,,,,,,,,
,,,,in cases where weeds do appear they can be considered as live mulch since they do not compete with cash crop plants for abundant minerals in the soil,3:09 - 3:19,,,,,,,,,,,,
,,,,however they may compete for sunlight and therefore it is important to manage weeds in a way that prevents them from shading the cash crop plants,3:19 - 3:27,,,,,,,,,,,,
,,,,this can be achieved through appropriate weed management techniques,3:27 - 3:30,,,,,,,,,,,,
,,,,by supporting the growth of beneficial microbes in the soil managing pests and diseases through natural mechanisms and adopting practices that promote soil health and organic mulching we can create a more sustainable,3:30 - 3:43,,,,,,,,,,,,
,,,,by working with nature rather than against it we can create a world in which agriculture is not only sustainable but also regenerative supporting the health of the planet for generations to come,3:43 - 3:51,,,,,,,,,,,,
9,Space utilisation - Bed & Ridge system,https://www.youtube.com/watch?v=iYwBRpToFho,Slot 2,tqnk revolutionizing sustainable farming for a better future,0:02 - 0:06,Direct Info,Quote 4,TRUE,FALSE,1:48 min,Medium,,Start,End,General information.,,Lectures 
,,,,tqnk an abbreviation of the Urdu phrase Peter tratty Nissan kashada kiari represents a groundbreaking approach to sustainable natural farming systems,0:06 - 0:17,,,,,,,,,,,,
,,,,embracing the ecosystem in this era of modernization it is crucial to study the ecosystem of natural vegetation that has sustained for over 400 million years without depleting any resources,0:17 - 0:29,,,,,,,,,,,,
,,,,these natural systems have provided sustenance to every living being showcasing the remarkable resilience of life forms,0:29 - 0:36,,,,,,,,,,,,
,,,,rethinking traditional approaches unfortunately we have mistakenly continued and even worse augmented the tillage-based crop production system introduced by Homo sapiens approximately 10 000 years ago,0:36 - 0:50,,,,,,,,,,,,
,,,,this approach lacked in understanding and regard for natural algorithms governing soil fertility and vegetation,0:50 - 0:55,,,,,,,,,,,,
,,,,the detrimental effects of tillage-based systems the augmentation of tillage-based production systems is contrary to Nature,0:55 - 1:01,,,,,,,,,,,,
,,,,as a result soil degradation depletion of water resources and devastating climate changes have become prevalent,1:01 - 1:09,,,,,,,,,,,,
,,,,Additionally the cost of production has increased significantly while the nutritional density of the food produced has diminished,1:09 - 1:18,,,,,,,,,,,,
,,,,tqnk a sustainable solution pqnk represents a transformative solution for a sustainable future,1:18 - 1:24,,,,,,,,,,,,
,,,,it combines the wisdom of natural systems with Innovative farming practices to restore soil fertility conserve water resources mitigate unpredictable weather and enhance the nutritional quality of food production needed for our health,1:24 - 1:39,,,,,,,,,,,,
,,,,gut Flora cure for diabetes obesity and what more,1:39 - 1:43,,,,,,,,,,,,
,,,,by implementing pqnk we can revolutionize the way we Farm ensuring a harmonious coexistence with nature while meeting the needs of a growing population,1:43 - 1:53,,,,,,,,,,,,
,,,,pqnk is the key to a sustainable future,1:53 - 1:57,,,,,,,,,,,,
10,The State of Our Mind and Learning Capacity,https://youtu.be/nUa0dG78qqA?si=HFa6dgaC-otman8J,Slot 2,the state of our mind and learning capacity,0:01 - 0:05,Direct Info,Quote 4,TRUE,FALSE,2:46 min,Medium,,Start,End,General information.,,Lectures 
,,,,a recent video shared by a farmer showed the devastating impact of a hurricane on his Citrus Orchard,0:05 - 0:12,,,,,,,,,,,,
,,,,the video went viral on Facebook with over 31 000 shares 68 000 comments and 2.2 million views,0:12 - 0:18,,,,,,,,,,,,
,,,,however the comments were mostly expressions of sympathy with no one asking for information on how to prevent such damage in the future,0:18 - 0:26,,,,,,,,,,,,
,,,,this lack of interest in prevention is a symptom of a larger problem our limited capacity for deep learning,0:26 - 0:31,,,,,,,,,,,,
,,,,our education system has confined us within the boundaries of traditional Concepts and the prevalence of multimedia has shortened our attention spans,0:31 - 0:42,,,,,,,,,,,,
,,,,as a result we have become more focused on enjoying events rather than seeking knowledge for a sustainable future,0:42 - 0:48,,,,,,,,,,,,
,,,,shallow roots and heart pan,0:48 - 0:50,,,,,,,,,,,,
,,,,the video showed that the main reason for the uprooting was the presence of shallow roots that couldn't anchor the plants securely,0:50 - 0:55,,,,,,,,,,,,
,,,,these shallow roots were caused by heart pan a compacted layer of soil form due to Mechanical operations,0:55 - 1:02,,,,,,,,,,,,
,,,,heart pan is extremely firm preventing roots from extending deeper into the ground,1:02 - 1:08,,,,,,,,,,,,
,,,,implications of heart pan,1:08 - 1:10,,,,,,,,,,,,
,,,,heart pan restricts water infiltration leading to excessive water in the atmosphere and depletion of aquifers,1:10 - 1:16,,,,,,,,,,,,
,,,,this contributes to the vulnerability of crops and increases the risk of damage during calamities like hurricanes,1:16 - 1:24,,,,,,,,,,,,
,,,,limitations of education and multimedia,1:24 - 1:27,,,,,,,,,,,,
,,,,our education system has taught us to think within the boundaries of traditional Concepts,1:27 - 1:33,,,,,,,,,,,,
,,,,we have been taught to memorize facts and formulas but not how to think critically or solve problems creatively,1:33 - 1:40,,,,,,,,,,,,
,,,,this has limited our ability to see the world in new ways and to develop solutions that are sustainable for the future,1:40 - 1:45,,,,,,,,,,,,
,,,,the prevalence of multimedia has also contributed to our limited capacity for deep learning,1:45 - 1:50,,,,,,,,,,,,
,,,,multimedia is designed to capture our attention and keep us entertained but it does not require us to engage in deep thinking,1:50 - 1:56,,,,,,,,,,,,
,,,,as a result our attention spans have become shorter and our ability to focus has decreased,1:56 - 2:03,,,,,,,,,,,,
,,,,conclusion,2:03 - 2:05,,,,,,,,,,,,
,,,,the state of our mind and learning capacity is a serious problem,2:05 - 2:10,,,,,,,,,,,,
,,,,we need to find ways to break out of the boundaries of traditional thinking and to develop our capacity for deep learning,2:10 - 2:16,,,,,,,,,,,,
,,,,if we do not we will be unable to solve the challenges that we face as a society and as a planet,2:16 - 2:21,,,,,,,,,,,,
,,,,call to action,2:21 - 2:23,,,,,,,,,,,,
,,,,I urge you to join me in the fight to improve the state of our mind and learning capacity,2:23 - 2:27,,,,,,,,,,,,
,,,,we need to demand that our education system teach us how to think critically and solve problems creatively,2:27 - 2:33,,,,,,,,,,,,
,,,,we also need to be mindful of the impact of multimedia on her attention spans and make a conscious effort to engage in deep learning,2:33 - 2:39,,,,,,,,,,,,
11,"Protect Crops, Prevent Flood Damage: Break Hardpan Now!",https://www.youtube.com/watch?v=36rN07ZTxgk,Slot 2,space utilization bed and ridge system,0:02 - 0:05,Direct Info,Quote 4,TRUE,FALSE,2:46 min,Medium,,Start,End,General information.,,Lectures /Outdoor Survey 
,,,,wide tires are designed to carry heavy loads such as land leveling deep plowing and transportation,0:05 - 0:12,,,,,,,,,,,,
,,,,they are not ideal for row crop planting because they create wide furrows that waste space,0:12 - 0:17,,,,,,,,,,,,
,,,,slim tires are designed for row crop planting they create narrow furrows that save space and allow for wider beds,0:17 - 0:25,,,,,,,,,,,,
,,,,they also help to prevent compaction of the bedsides which can improve water infiltration and reduce erosion,0:25 - 0:31,,,,,,,,,,,,
,,,,once a farm is properly designed and shifted to the pqnk system Farmers should put slim tires on both the back and front wheels of their tractors,0:31 - 0:40,,,,,,,,,,,,
,,,,this will maximize space utilization and help to protect the bedsides from compaction,0:40 - 0:45,,,,,,,,,,,,
,,,,in conventional flatland farming the available area for cropping is 12 to 18 percent greater than in pqnk farming systems,0:45 - 0:52,,,,,,,,,,,,
,,,,however the number of tillers per plant is much lower in conventional systems due to a number of factors,0:52 - 1:00,,,,,,,,,,,,
,,,,for example in wheat the average number of tillers per plant is only five in conventional systems compared to up to 50 in pqnk systems,1:00 - 1:06,,,,,,,,,,,,
,,,,similarly in rice the average number of tillers per plant is 15 in conventional systems compared to over 50 in pqnk systems,1:06 - 1:17,,,,,,,,,,,,
,,,,sketches are provided to understand optimal space utilization,1:17 - 1:22,,,,,,,,,,,,
,,,,slim tires reduce the area used in furrows which saves the bedsides from compaction and improves infiltration of water in beds,1:22 - 1:32,,,,,,,,,,,,
,,,,tqnk the natural ecosystem science,1:32 - 1:35,,,,,,,,,,,,
12,PQNK: Revolutionizing Sustainable Farming for a Better Future,https://youtu.be/snN9on3O8CY?si=somUJi5FKCgP16vv,Slot 2,pqnk revolutionizing sustainable farming for a better future,0:02 - 0:06,Direct Info,Quote 4,TRUE,FALSE,2:46 min,Medium,,Start,End,General information.,,Lectures 
,,,,tqnk an abbreviation of the Urdu phrase Peter tratty Nissan kashada kiari represents a groundbreaking approach to sustainable natural farming systems,0:06 - 0:17,,,,,,,,,,,,
,,,,embracing the ecosystem in this era of modernization it is crucial to study the ecosystem of natural vegetation that has sustained for over 400 million years without depleting any resources,0:17 - 0:29,,,,,,,,,,,,
,,,,these natural systems have provided sustenance to every living being showcasing the remarkable resilience of life forms,0:29 - 0:36,,,,,,,,,,,,
,,,,rethinking traditional approaches unfortunately we have mistakenly continued and even worse augmented the tillage-based crop production system introduced by Homo sapiens approximately 10 000 years ago,0:36 - 0:50,,,,,,,,,,,,
,,,,this approach lacked in understanding and regard for natural algorithms governing soil fertility and vegetation,0:50 - 0:55,,,,,,,,,,,,
,,,,the detrimental effects of tillage-based systems the augmentation of tillage-based production systems is contrary to Nature,0:55 - 1:01,,,,,,,,,,,,
,,,,as a result soil degradation depletion of water resources and devastating climate changes have become prevalent,1:01 - 1:09,,,,,,,,,,,,
,,,,Additionally the cost of production has increased significantly while the nutritional density of the food produced has diminished,1:09 - 1:18,,,,,,,,,,,,
,,,,tqnk a sustainable solution pqnk represents a transformative solution for a sustainable future,1:18 - 1:24,,,,,,,,,,,,
,,,,it combines the wisdom of natural systems with Innovative farming practices to restore soil fertility conserve water resources mitigate unpredictable weather and enhance the nutritional quality of food production needed for our health,1:24 - 1:39,,,,,,,,,,,,
,,,,gut Flora cure for diabetes obesity and what more,1:39 - 1:43,,,,,,,,,,,,
,,,,by implementing pqnk we can revolutionize the way we Farm ensuring a harmonious coexistence with nature while meeting the needs of a growing population,1:43 - 1:53,,,,,,,,,,,,
,,,,pqnk is the key to a sustainable future,1:53 - 1:57,,,,,,,,,,,,
13,The journey towards independent understanding - the PQNK way,https://youtu.be/nUa0dG78qqA?si=kgb9TvR0UUbFc6OZ,Slot 2,unveiling Truth The Journey towards independent understanding forming opinions through self-observation of natural algorithms,0:01 - 0:10,Direct Info,Quote 4,TRUE,FALSE,2:46 min,Medium,,Start,End,General information.,,Lectures 
,,,,introduction in a world filled with a plethora of opinions and beliefs it is essential to develop an independent understanding to form our own opinions,0:10 - 0:18,,,,,,,,,,,,
,,,,this chapter delves into the significance of self-observation of natural algorithms as a foundation for shaping our perspectives,0:18 - 0:24,,,,,,,,,,,,
,,,,while acknowledging the influence of books and external sources we explore the transformative power of Nature's workings and the pursuit of unbiased original research,0:24 - 0:35,,,,,,,,,,,,
,,,,the influence of books and external sources books authored by individuals with unique perspectives and understandings hold the potential to shape our opinions,0:35 - 0:43,,,,,,,,,,,,
,,,,reading these Works allows us to explore different viewpoints and gain insights beyond our own experiences,0:43 - 0:49,,,,,,,,,,,,
,,,,however it is important to recognize that these perspectives are not infallible truths but rather interpretations based on the author's understanding,0:49 - 0:58,,,,,,,,,,,,
,,,,by acknowledging this we can approach the process of opinion formation with a sense of openness and curiosity,0:58 - 1:06,,,,,,,,,,,,
,,,,seeking independent understanding to develop our own independent understanding it is necessary to distance ourselves from constant Reliance on books and external sources of knowledge,1:06 - 1:16,,,,,,,,,,,,
,,,,while these sources offer valuable insights they can also Cloud our judgment and prevent us from developing a unique perspective,1:16 - 1:22,,,,,,,,,,,,
,,,,by taking a step back from external influences we create space for personal observations and Reflections to shape our understanding,1:22 - 1:32,,,,,,,,,,,,
,,,,observing Nature's functioning nature with its intricate systems and processes serves as a captivating teacher,1:32 - 1:40,,,,,,,,,,,,
,,,,by observing the functioning of natural phenomena we gain a deeper appreciation for the interconnectedness of the world,1:40 - 1:46,,,,,,,,,,,,
,,,,exploring how materials change form the elements that support these processes and the workings of power Aggregates we unlock a wealth of knowledge that informs our opinions,1:46 - 1:58,,,,,,,,,,,,
,,,,nature becomes the canvas upon which we paint our own understanding,1:58 - 2:01,,,,,,,,,,,,
,,,,the essence of real science at the core of independent understanding lies the pursuit of real science,2:01 - 2:05,,,,,,,,,,,,
,,,,true science is not merely memorizing facts or theories it is the Relentless exploration of how materials transform and evolve,2:05 - 2:12,,,,,,,,,,,,
,,,,by immersing ourselves in the empirical world we discover the principles governing change and uncover the beauty of scientific inquiry,2:12 - 2:20,,,,,,,,,,,,
,,,,remaining unbiased in our Pursuit we Foster an environment conducive to original research and deep understanding,2:20 - 2:29,,,,,,,,,,,,
,,,,conclusion forming opinions based on self-observation of natural algorithms requires a delicate balance between external influences and personal exploration,2:29 - 2:37,,,,,,,,,,,,
,,,,books and other sources can broaden our perspectives but true independence of thought comes from stepping back observing Nature's workings and engaging in unbiased research,2:37 - 2:48,,,,,,,,,,,,
,,,,by embarking on this journey we gain the tools to develop our own understanding and contribute to the collective tapestry of knowledge,2:48 - 2:54,,,,,,,,,,,,
14,Saline Water aquifers are recharging sweet water.,https://youtu.be/w3xIVaLO29Y?si=ZTq7yGHvbyAb9mSy,Slot 3,Suggestions to reduce water wastage and manage resources,1:45-1:46,Direct Info,,TRUE,FALSE,2:01min,High,"Salinization of Sweetwater Aquifers in Pakistan: Causes, Impacts, and Sustainable Solutions.",Start,End,More Specific,,Lectures 
,,,,Such as through furrow or raised-bed irrigation systems and precision agriculture.,1:47-1:57,,,,,,,,,,,,
,,,,Following PQNK processes,1:58-2:01,,,,,,,,,,,,
15,Sugarcane on PQNK. Minus cost of production 40% more sugar recovery,https://youtu.be/CVgFLENNVR0?si=DGJUwqTTF9oL9J5b,Slot 3,Highlighting that the sugarcane was grown without fertilizers or pesticides.,1:00 - 1:06,Direct Info,,TRUE,FALSE,4:28 min,High,Sustainable and efficient sugarcane farming using the PQNK method,Start,End,More Specific,,Outdoor Survey 
,,,,Comparison of sugar content in conventional sugarcane (9%) versus PQNK sugarcane (13%-20%).,1:49 - 2:03,,,,,,,,,,,,
,,,,Discussion on rising production costs (fertilizer and labor) and how PQNK reduces production costs by approximately 70%.,2:30 - 2:39,,,,,,,,,,,,
,,,,"Question raised about maintaining organic matter in the soil sustainably, and how PQNK addresses this issue.",3:07 - 3:22,,,,,,,,,,,,
,,,,Explanation of how PQNK farming improves microbial activity in the soil and enhances nutrient availability.,3:30 - 3:38,,,,,,,,,,,,
,,,,Improved nutritional value and better quality of crops grown using PQNK methods.,3:57 - 4:04,,,,,,,,,,,,
16,"Citrus on PQNK. No fertilizer, no pesticides, no tillage, 80% less water.",https://youtu.be/2PhPom4tsj0?si=5gYO-1VDU2HP_mKt,Slot 3,"The video showcases PQNK citrus farming, which uses no fertilizers, pesticides, or tillage, with 80% less water. ",0:00-2:24,Direct Info,,TRUE,FALSE,2:24 min,Low,"Sustainable Citrus Farming with PQNK: No Fertilizers, No Pesticides, Less Water 🍊🌱",Start,End,Non Specific,,Outdoor Survey 
,,,,It highlights good results and mentions Punjab (India). 🍊🚜,,,,,,,,,,,,,
17,Cotton on PQNK,https://youtu.be/ZCzi7jU58Bk?si=pBA8pcT0_-UhXsGD,Slot 3,"The video is a brief conversation about cotton farming, mentioning a cotton expert and good production results. ",0:00-1:10,Direct Info,,TRUE,FALSE,1:10min,High,Cotton Farming Insights: Expert Discussion on Production & Technology🌿🚜,Start,End,More Specific,,Outdoor Survey 
,,,,It may highlight a specific technology or method used in cultivation. 🌿🚜,,,,,,,,,,,,,
18,"High density mango, citrus, date palm",https://www.youtube.com/watch?v=9AU5cF4Rx2s,Slot 3,skip irrelevant,0:00-1:39 ,Indirect Info,,TRUE,FALSE,1:39min,Low,--------------------------------------------------------------------------------------,Start,End,Non Specific,,Outdoor Survey 
,,,,,,,,,,,,,,,,,
19,"Citrus 🍊 no fertilizer, no pesticides, no tillage and 80% less water. Nutrition, dense quality",https://youtu.be/HBDBRTAgVSw?si=N8oQkX2TVTD0edPY,Slot 3,skip irrelevant,0:00-3:21,Indirect Info,,TRUE,FALSE,3:21 min,Low,--------------------------------------------------------------------------------------------------,Start,End,Non Specific,,Outdoor Survey 
,,,,,,,,,,,,,,,,,
20,Hardpan: A Major Challenge for Citrus and other Farmers,https://www.youtube.com/watch?v=S9TwgX7TWOg,Slot 3,"Heart pan a major challenge for citrus and other farmers
",0:02 - 0:07	,Direct Info,,TRUE,FALSE, 5:36 min,Medium,"
Managing Heart Pan Soil in Agriculture",Start,End,Specific,,Lectures 
,,,,"The issue at hand arises due to the presence of an anaerobic soil layer underneath the situation. Fosters the development of anaerobic organisms, which in turn disrupts the growth of beneficial aerobic life forms responsible for supplying well-balanced minerals.
",3:33 - 3:46	,,,,,,,,,,,,
,,,,"Additionally, these aerobic conditions result in the release of harmful proteins that safeguard plants against insects, pests, and diseases.
",3:46 - 3:57	,,,,,,,,,,,,
,,,,"Farmers may experience issues with their crops due to a hard pan layer of soil underneath.
",3:57 - 4:02	,,,,,,,,,,,,
,,,,"Heart pan is a layer of soil that is compacted and impenetrable to water and roots. It is often created by tillage, especially springtime cultivator and motivator.
",4:02 - 4:12	,,,,,,,,,,,,
,,,,Here are some of the specific issues that farmers may face due to heart pan soil conditions:,4:12 - 4:14	,,,,,,,,,,,,
,,,,"Stunted growth: Heart pan can restrict the movement of water and nutrients to the roots, which can lead to stunted growth.",4:14 - 4:18	,,,,,,,,,,,,
,,,,"Yellowing leaves: The leaves of trees may turn yellow due to a lack of chlorophyll, which is a green pigment that helps plants photosynthesize.",4:18 - 4:33	,,,,,,,,,,,,
,,,,"Fruit drop: Trees may drop their fruit prematurely due to stress caused by heart pan conditions.
",4:33 - 4:39	,,,,,,,,,,,,
,,,,"Diseases: Heart pan can make trees more susceptible to diseases such as citrus canker, leaf minor, sucking and chewing insects, and citrus screening.
",4:39 - 4:51	,,,,,,,,,,,,
,,,,Here are some of the things that farmers can do to address heart pan soil conditions:,4:51 - 5:06	,,,,,,,,,,,,
,,,,"Avoid tillage: Tillage is the main cause of heart pan formation, so avoiding tillage is the best way to prevent it.",4:54 - 5:01	,,,,,,,,,,,,
,,,,Use a subsoiler: A subsoiler is a tool that is used to break up heart pan.,5:01 - 5:03	,,,,,,,,,,,,
,,,,"Cover soil with organic mulch: Mulch loosens the soil, maintains moisture, moderates soil temperature, improves drainage, and provides food for beneficial soil organisms.",5:06 - 5:17	,,,,,,,,,,,,
,,,,"Plant cover crops: Cover crops help to improve soil structure, water absorption, and retention.
",5:17 - 5:24,,,,,,,,,,,,
,,,,"It is important to note that hard pan soil conditions can be difficult to correct. It may take several efforts for significant improvement.
",5:24 - 5:30	,,,,,,,,,,,,
21,Papaya the most profitable crop on PQNK.,https://youtu.be/SarHL3sKYcE?si=9LXpPehPwqTC4CK4,Slot 3,Papaya the profitable tropical plant,0:02-0:07,Direct Info,,TRUE,FALSE,3:21 min,High,Profitable Papaya Farming with the PQNK Method: Sustainable and Cost-Effective 🌱🍍,Start,End,More Specific,,Lectures 
,,,,A slow nickel,0:07 - 0:11,,,,,,,,,,,,
,,,,Papaya picnic foreign,0:11 - 0:31,,,,,,,,,,,,
,,,,Humid climates with an ideal temperature,2:03 - 2:06,,,,,,,,,,,,
,,,,Temperature range of 21 to 32 degrees Celsius,2:06 - 2:10,,,,,,,,,,,,
,,,,Papaya plants can tolerate temperatures up to 38 degrees Celsius,2:10 - 2:11,,,,,,,,,,,,
,,,,No fruit production if temperature is too hot or cold,2:11 - 2:14,,,,,,,,,,,,
,,,,Papaya plants also need high humidity levels (60 to 80%),2:14 - 2:18,,,,,,,,,,,,
,,,,Low humidity causes leaves to curl and affects fruit production,2:18 - 2:24,,,,,,,,,,,,
,,,,"Conventional cost of papaya production exceeding 200,000 per acre per year",2:28 - 2:31,,,,,,,,,,,,
,,,,"PQNK method requires no purchased inputs (fertilizers, pesticides, fungicides)",2:31 - 2:39,,,,,,,,,,,,
,,,,90% reduction in water usage,2:39 - 2:51,,,,,,,,,,,,
,,,,600 plants per acre can be maintained,2:51 - 2:54,,,,,,,,,,,,
,,,,Producing an average of 50 fruits weighing 0.62 kilograms each,2:54 - 3:00,,,,,,,,,,,,
,,,,Gross income of 1 million rupees with a minimum selling price of 50 rupees per kilogram,3:00 - 3:12,,,,,,,,,,,,
,,,,PQNK is a sustainable natural farming system,3:12,,,,,,,,,,,,
22,Water usage in plants,https://youtu.be/-JshgovjuDM?si=nb807bZf2VKIgZlP,Slot 3,Water usage in plants: Water is absorbed by roots and transpired from leaves.,0:01 - 0:05,Direct Info,,TRUE,FALSE,3:06 min,Medium,"Efficient Water Usage in Plants: Absorption, Transpiration, and Impact",Start,End,More Specific,,Lectures 
,,,,"About 90% of transpired water evaporates, leaving minerals behind.",0:05 - 0:09,,,,,,,,,,,,
,,,,The remaining 10% is retained for photosynthesis and growth.,0:09 - 0:16,,,,,,,,,,,,
,,,,"Water transpiration varies based on factors like mineral requirements, density, temperature, and humidity.",0:16 - 0:23,,,,,,,,,,,,
,,,,"80% of transpired water cools the plant, while only 20% is used for mineral uptake.",0:23 - 0:29,,,,,,,,,,,,
,,,,"10% of total water is retained, and 10% of evaporated water aids mineral uptake.",0:29 - 0:46,,,,,,,,,,,,
,,,,"Water is used for minerals, photosynthesis, growth, and cooling.",0:46 - 0:55,,,,,,,,,,,,
,,,,Water usage varies based on environmental conditions and plant needs.,0:55 - 1:03,,,,,,,,,,,,
,,,,The plant adjusts transpiration based on mineral solution density.,1:03 - 1:15,,,,,,,,,,,,
,,,,"In hot weather, plants conserve water by slowing transpiration.",1:15 - 1:22,,,,,,,,,,,,
,,,,"If soil lacks moisture, the plant wilts due to insufficient water absorption.",1:22 - 1:39,,,,,,,,,,,,
,,,,"Overwatering fills soil pores, leading to oxygen deprivation and poor mineral uptake.",1:39 - 1:51,,,,,,,,,,,,
,,,,"Diluted sap from excess water weakens plants, making them prone to insect attacks.",1:51 - 2:04,,,,,,,,,,,,
,,,,"Overwatering causes root rot, wilting, and nutrient absorption issues.",2:04 - 2:17,,,,,,,,,,,,
,,,,"Plants absorb water through leaves via foliar absorption (e.g., condensation or spraying).",2:17 - 2:27,,,,,,,,,,,,
,,,,Foliar absorption is minor but useful for delivering nutrients or watering plants in dry conditions.,2:27 - 2:40,,,,,,,,,,,,
,,,,These are general operating principles; figures may vary by species and environment.,2:40 - 3:00,,,,,,,,,,,,
23,Rice and Sugarcane: Minimal Water Usage Among Crops! When on PQNK,https://youtu.be/kZZNXKB_lLw?si=ocBFqXn9WX8nt39f,Slot 3,Rice and sugarcane minimal water usage among crops.,0:18 - 0:21,Direct Info,,TRUE,FALSE,3:30 min,High,Water-Efficient Farming: PQNK’s Impact on Rice and Sugarcane Cultivation,Start,End,More Specific,,Lectures 
,,,,"The transpiration rate of water in plants is influenced by factors like leaf size, shape, surface area, temperature, humidity, and plant type.",0:21 - 0:26,,,,,,,,,,,,
,,,,"Rice and sugarcane are narrow-leafed plants with small leaf surface areas, reducing water evaporation and making them efficient in water usage.",0:26 - 0:36,,,,,,,,,,,,
,,,,Nature optimizes leaf size and shape for production potential; rice and sugarcane minimize water loss while meeting growth needs.,0:36 - 0:47,,,,,,,,,,,,
,,,,"These crops thrive in high-humidity regions due to monsoon rains, which reduce additional water loss from leaves.",0:47 - 1:01,,,,,,,,,,,,
,,,,"Due to natural design, rice and sugarcane require less water compared to other crops.",1:01 - 1:27,,,,,,,,,,,,
,,,,"Conventional rice farming uses 4699 liters of water per kg, while PQNK farming reduces it to 321 liters.",1:27 - 1:36,,,,,,,,,,,,
,,,,The PQNK method highlights water-saving benefits in farming.,1:36 - 1:47,,,,,,,,,,,,
,,,,"Conventional sugarcane farming uses 2284 liters of water per kg, whereas PQNK farming reduces it to 156 liters.",1:47 - 1:57,,,,,,,,,,,,
,,,,PQNK farming showcases water efficiency in rice and sugarcane cultivation.,1:57 - 2:04,,,,,,,,,,,,
24,Peanut on PQNK,https://youtu.be/00754AC7fUg?si=gv0sHRUOZv_9rHn2,Slot 3,Chandan is our friend and a PQNK farmer.,0:02 - 0:07,Indirect Info,,TRUE,FALSE,4:07 min,Medium,---------------------------------------------------------------------------------------,Start,End, Specific,,Outdoor Survey 
,,,,"He shared a video from Shaktigarh in our group, providing all the details.",0:07 - 0:12,,,,,,,,,,,,
,,,,"He explained the farming method he adopted, when he planted the crops, and their condition as of July 30.",0:12 - 0:16,,,,,,,,,,,,
,,,,"He also recorded a video to show the progress, mentioning the variety of crops planted.",0:16 - 0:21,,,,,,,,,,,,
,,,,"Regarding planting, I have spoken many times before about how peanuts can give us a very good survival rate.",0:21 - 0:26,,,,,,,,,,,,
,,,,"Peanuts have now become a highly profitable crop, unlike before.",0:26 - 0:33,,,,,,,,,,,,
,,,,"In the past, my family only had edible oil production, and back in 1950,",0:33 - 0:38,,,,,,,,,,,,
,,,,"I saw large fields filled with peanut crops, which were then crushed to extract oil.",0:38 - 0:43,,,,,,,,,,,,
,,,,"Most of our edible oil production comes from cotton, which has its own story.",0:43 - 0:47,,,,,,,,,,,,
,,,,But why has peanut production declined?,0:47 - 0:53,,,,,,,,,,,,
,,,,The reason is that our farming system was flawed.,0:53 - 1:00,,,,,,,,,,,,
,,,,Peanuts were mostly grown in rainfed areas because they are one of the few summer crops that provide a good yield and profit.,1:00 - 1:07,,,,,,,,,,,,
,,,,"However, no one worked on solving the problems related to it.",1:07 - 1:12,,,,,,,,,,,,
,,,,The key issue was how to improve the soil so that peanuts could grow better.,1:12 - 1:18,,,,,,,,,,,,
,,,,"The way we cultivate now has degraded the soil, reducing its organic matter.",1:18 - 1:23,,,,,,,,,,,,
,,,,"Peanut harvesting is done manually by uprooting each plant, which increases labor costs significantly.",1:23 - 1:28,,,,,,,,,,,,
,,,,"Farmers harvest according to the availability of labor, which is scarce in large farms.",1:28 - 1:33,,,,,,,,,,,,
,,,,"In the 1980s, we worked on this issue and imported combine harvesters from America.",1:33 - 1:39,,,,,,,,,,,,
,,,,"We initiated this effort, though it wasn’t highly successful.",1:39 - 1:44,,,,,,,,,,,,
,,,,"Now, the question is how we can promote peanut farming further.",1:44 - 1:52,,,,,,,,,,,,
,,,,"If we want to achieve self-sufficiency in edible oil production, peanuts are probably the only solution.",1:52 - 1:58,,,,,,,,,,,,
,,,,"Given the current high prices of peanuts, they are a very profitable crop.",1:58 - 2:02,,,,,,,,,,,,
,,,,"There is no difficulty in growing them, and once farmers reach a certain level, harvesting becomes easier.",2:02 - 2:08,,,,,,,,,,,,
,,,,"A little effort and patience are needed—if we plant peanuts every year and expand their cultivation, we can achieve better results.",2:08 - 2:14,,,,,,,,,,,,
25,Revolutionizing Garlic Farming by PQNK: Pakistan's Success Story,https://youtu.be/Za75m0x-fSE?si=rELD09D6ONfZW6vX,Slot 3,Revolutionizing garlic farming by PQNK,0:02 - 0:05,Direct Info,,TRUE,FALSE,4:28 min,Medium,Revolutionizing Garlic Farming: Pakistan's PQNK Success,Start,End,More Specific,,Lectures 
,,,,Pakistan's success story,0:05 - 0:07,,,,,,,,,,,,
,,,,Pakistan's heavy dependence on garlic imports from China and Thailand,0:07 - 0:09,,,,,,,,,,,,
,,,,Over 70% of garlic consumption sourced from abroad,0:09 - 0:12,,,,,,,,,,,,
,,,,Major challenges faced in garlic farming,0:12 - 0:15,,,,,,,,,,,,
,,,,"Weeds, Orthodox practices, low plant population, Pest and disease management",0:15 - 0:18,,,,,,,,,,,,
,,,,"Limited scale of garlic cultivation, small farmers with home labor",0:18 - 0:21,,,,,,,,,,,,
,,,,Disappointing yield of 50 Mounds (40 kilograms) per acre on average,0:21 - 0:24,,,,,,,,,,,,
,,,,Introduction of PQNK's revolutionary nature-based process for garlic farming,0:24 - 0:26,,,,,,,,,,,,
,,,,Empowering big commercial farmers to take charge of garlic production,0:26 - 0:28,,,,,,,,,,,,
,,,,Impressive increase in yield from 50 to over 200 Mounds per acre,0:28 - 0:30,,,,,,,,,,,,
,,,,Significant cost savings through reduced production expenses and no agrochemical usage,0:30 - 0:32,,,,,,,,,,,,
,,,,Decreased reliance on water,0:32 - 0:35,,,,,,,,,,,,
,,,,Sustainable practices leading to highest quality organic garlic,0:35 - 0:37,,,,,,,,,,,,
,,,,Drastic reduction in garlic imports due to enhanced local production,0:37 - 0:40,,,,,,,,,,,,
,,,,A success story that showcases the power of innovation and determination in agriculture,0:40 - 0:43,,,,,,,,,,,,
,,,,PQNK is ensuring food security through increased self-reliance in food production,0:43 - 0:45,,,,,,,,,,,,
,,,,PQNK: A comprehensive and sustainable natural production system,0:45 - 0:47,,,,,,,,,,,,
26,Crop zoning is irrelevant on PQNK (Urdu),https://youtu.be/faMCyHnS9jQ?si=DxULv3GIzg8DlQfT,Slot 3,I often wonder how some plants need more water while others need less.,0:00-0:06,Direct Info,,TRUE,FALSE,11:24 min,High,Optimizing Water Usage in Agriculture: A Guide to Efficient Irrigation,Start,End,More Specific,,Lectures 
,,,,"So, when we do irrigation, how will the plants that need less water survive compared to those that need more?",0:07-0:13,,,,,,,,,,,,
,,,,"Yesterday, I made a slide in English, and today I decided to explain it in Urdu in a better way for you.",0:13-0:27,,,,,,,,,,,,
,,,,"Allah has created each plant with a specific production capacity, and based on this, He has designed their size, whether wide leaves, narrow leaves, or big plants.",0:27-0:39,,,,,,,,,,,,
,,,,These plants absorb as much water from the ground as needed based on their transportation and evaporation.,0:39-0:52,,,,,,,,,,,,
,,,,"Conventional methods, like flood irrigation, give the plant much more water than it needs, often leading to wastage.",0:52-1:13,,,,,,,,,,,,
,,,,"The plant absorbs just enough water according to its needs, whereas conventional methods flood the area, which can harm the soil and cause wastage.",1:13-1:42,,,,,,,,,,,,
,,,,"Plants, especially sugarcane and cotton, are given the right amount of water, and the water absorbed is just what is needed.",1:42-1:59,,,,,,,,,,,,
,,,,"Plants like sugarcane take more water, and the watering system should be adjusted accordingly.",2:04-2:28,,,,,,,,,,,,
,,,,"We use crop combinations in fields where some plants like cotton need less water, and sugarcane needs more. Proper management of water is key to success.",2:35-2:53,,,,,,,,,,,,
,,,,"When cotton and sugarcane are planted together, each plant receives the water it needs without any conflict.",2:58-3:14,,,,,,,,,,,,
,,,,"When plants are watered properly, with controlled irrigation, they grow better and are healthier, with no harmful effects on soil or the plants.",3:23-3:46,,,,,,,,,,,,
,,,,"When plants are watered properly, with controlled irrigation, they grow better and are healthier, with no harmful effects on soil or the plants.",4:13-4:27,,,,,,,,,,,,
,,,,"The irrigation process, whether flood or controlled, affects the plant's growth, and it is essential to manage this to prevent stress or damage.",5:00-5:43,,,,,,,,,,,,
,,,,Plants like cotton and sugarcane are adapted to their respective climates. Understanding these conditions helps in improving irrigation and growth strategies.,6:01-6:23,,,,,,,,,,,,
,,,,"Adjusting temperature and humidity in the soil helps plants survive extreme weather, whether it’s heat or cold, and we need to maintain these conditions for healthy growth.",7:09-7:29,,,,,,,,,,,,
,,,,The government or agricultural authorities should understand the water requirements for different crops and manage them effectively to ensure a healthy crop system.,8:11-8:31,,,,,,,,,,,,
,,,,Both cotton and sugarcane thrive when properly irrigated with controlled water levels. The system needs to be managed effectively to avoid water wastage.,9:41-9:53,,,,,,,,,,,,
,,,,"The soil should be kept saturated just enough so that water can be absorbed without flooding, ensuring the plants get the correct amount of water.",10:11-10:49,,,,,,,,,,,,
,,,,"Traditional irrigation methods often lead to over-watering, damaging the plants and soil, so controlled irrigation is essential for plant health.",11:03-11:19,,,,,,,,,,,,
,,,,"No plant can absorb more water than it needs, and excessive watering leads to wastage and damage to the environment. Proper water management is crucial.",11:19-11:24,,,,,,,,,,,,
27,Fruits fly and it’s natural control.,https://youtu.be/JJVz7emJ6HQ?si=-0wOryya4BjaaNI1,Slot 3,Coffee damage,2:04-2:13,Direct Info,,TRUE,FALSE,9:11 min,High,How PQNK Enhances Soil Fertility and Plant Productivity,Start,End,More Specific,,Lectures 
,,,,Services,2:13-2:22,,,,,,,,,,,,
,,,,Expert on fruit fly,7:24-7:57,,,,,,,,,,,,
,,,,Effective pesticide sprays for one day only,8:00-8:03,,,,,,,,,,,,
,,,,"Soil must be cleared, kept naked to avoid pests",8:06-8:07,,,,,,,,,,,,
,,,,Alternate habitat for pests and to control fungi,8:07-8:12,,,,,,,,,,,,
,,,,Logical question: Will fruit fly hide or fly away?,8:14-8:17,,,,,,,,,,,,
,,,,"When moved on to PQNK plants, get balanced nutrition",8:17-8:20,,,,,,,,,,,,
,,,,PQNK’s natural algorithm for soil fertility,8:20-8:33,,,,,,,,,,,,
,,,,Balanced nutrition strengthens immune system,8:33-8:36,,,,,,,,,,,,
,,,,Hard skin of fruit prevents fruit fly egg injection,8:36-8:54,,,,,,,,,,,,
,,,,PQNK provides natural protection against insects,8:54-9:00,,,,,,,,,,,,
,,,,Look at the shine of plant leaf and fruit,9:00-9:04,,,,,,,,,,,,
28,Sugarcane on PQNK at Al-Noor Sugar Mills,https://youtu.be/-vlhFDAu25s?si=wBdAUzCYIqWAxHfv,Slot 3,There is no mention of PQNK in the provided transcription,------------,Direct Info,,TRUE,FALSE,5:45min,Low,-------------------------------------------------------------------------------,Start,End,Non Specific,,Outdoor Survey 
,,,,,,,,,,,,,,,,,
29,Chillies 🌶️ on PQNK,https://youtu.be/adueqcHlDSk?si=T2ruwZuclQqdbPOs,Slot 3,The provided transcription does not mention PQNK directly,------------,Direct Info,,TRUE,FALSE,5:05 min,High,--------------------------------------------------------------------------------,Start,End,Non Specific,,Outdoor Survey 
,,,,,,,,,,,,,,,,,
30,How to reuse hybrid seeds to lessen the yield loss?,https://youtu.be/-dDzIPAl7BY?si=cp_CwLWR31oKLiTQ,Slot 3,how to reuse hybrid seeds to lessen the yield loss,0:01 - 0:05,Direct Info,,TRUE,FALSE,2:54 min,High,"Hybrid Seeds: Balancing Yield, Cost, and Sustainability",Start,End,More Specific,,Lectures 
,,,,hybrid seeds are the result of cross-breeding two different parent plants of the same species,0:05 - 0:08,,,,,,,,,,,,
,,,,the parent plants are carefully selected for their desirable traits such as high yield,0:08 - 0:11,,,,,,,,,,,,
,,,,disease resistance improved quality or specific characteristics like color taste or flavor,0:11 - 0:15,,,,,,,,,,,,
,,,,reusing hybrid seeds may not produce plants with the same traits and yield as the original hybrid,0:15 - 0:21,,,,,,,,,,,,
,,,,however there are some general guidelines that can be followed to minimize yield loss,0:21 - 0:24,,,,,,,,,,,,
,,,,this process is not meant for GMO seeds,0:24 - 0:28,,,,,,,,,,,,
,,,,select and rib in the best plants when seed is reused,0:28 - 0:30,,,,,,,,,,,,
,,,,observe and select the healthiest most productive plants during the growing season,0:30 - 0:37,,,,,,,,,,,,
,,,,isolate the plants physically isolate the selected plants from other related plants,0:37 - 0:43,,,,,,,,,,,,
,,,,to minimize cross-pollination using spacing barriers or by using pollination bags,0:43 - 0:46,,,,,,,,,,,,
,,,,monitor the ribbon plants for growth insects and disease to maintain quality,0:46 - 0:54,,,,,,,,,,,,
,,,,for separate Harvest for seed cut the tassel top part of weaker corn plants,0:54 - 1:00,,,,,,,,,,,,
,,,,before it flowers and shed pollens this exercise is to use the best and most vigorous pollens,1:00 - 1:03,,,,,,,,,,,,
,,,,for the better next generation of seed,1:03 - 1:09,,,,,,,,,,,,
,,,,allow full maturity let the selected plants grow until they reach full maturity,1:09 - 1:11,,,,,,,,,,,,
,,,,for fully developed seeds,1:11 - 1:14,,,,,,,,,,,,
,,,,separately Harvest selected plants,1:14 - 1:18,,,,,,,,,,,,
,,,,thoroughly dry the seeds harvest the mature seeds and allow them to dry thoroughly,1:18 - 1:21,,,,,,,,,,,,
,,,,to prevent mold and fungal growth,1:21 - 1:25,,,,,,,,,,,,
,,,,grade the seed separate most healthy seeds by separating smaller seeds dust,1:25 - 1:27,,,,,,,,,,,,
,,,,in any other inert matter using seven or airflow,1:27 - 1:30,,,,,,,,,,,,
,,,,store seeds properly store the seeds in a cool dry and dark location using,1:30 - 1:36,,,,,,,,,,,,
,,,,airtight containers or vacuum bags to protect them from moisture and pests,1:36 - 1:38,,,,,,,,,,,,
,,,,conduct germination tests test the viability of Saved seeds before planting,1:38 - 1:45,,,,,,,,,,,,
,,,,by planting a small sample under ideal conditions,1:45 - 1:48,,,,,,,,,,,,
,,,,repeat the process for every crop to improve and maintain the quality and yield of the seed,1:48 - 1:53,,,,,,,,,,,,
,,,,it is generally recommended to purchase fresh hybrid seeds each year to consistently maintain desired traits,1:53 - 1:59,,,,,,,,,,,,
,,,,alternatively consider open pollinated or heirloom varieties for Reliable trait and yield preservation,1:59 - 2:01,,,,,,,,,,,,
,,,,here are some of the benefits of using hybrid seeds,2:01 - 2:12,,,,,,,,,,,,
,,,,higher yields,2:12 - 2:15,,,,,,,,,,,,
,,,,improved disease resistance,2:15 - 2:17,,,,,,,,,,,,
,,,,uniformity,2:17 - 2:20,,,,,,,,,,,,
,,,,here are some of the drawbacks of using hybrid seeds,2:20 - 2:21,,,,,,,,,,,,
,,,,higher cost,2:21 - 2:23,,,,,,,,,,,,
,,,,reduce seed viability,2:23 - 2:25,,,,,,,,,,,,
,,,,reduce genetic diversity,2:25 - 2:28,,,,,,,,,,,,
,,,,Farmers should make and keep their own seeds this is necessary to reduce costs,2:28 - 2:31,,,,,,,,,,,,
,,,,and dependence on seed companies which are increasingly monopolizing the seed,2:31 - 2:33,,,,,,,,,,,,
,,,,Market in an attempt to control the food supply by giving their seeds to,2:33 - 2:36,,,,,,,,,,,,
,,,,companies farmers are losing their sovereignty over their own food production,2:36 - 2:38,,,,,,,,,,,,
31,Feasibility of a Slit-till Precision Planter,https://youtu.be/gq4flwqqddQ?si=CVre9X66jVaOdJ1v,Slot 3,feasibility of a slit till Precision planter,0:01 - 0:05,Direct Info,,TRUE,FALSE,3:06 min,High,Seed Efficiency: Reducing Wastage Through Precision Farming,Start,End,More Specific,,Lectures 
,,,,Farmers often underestimate the significance of proper planting practices crop stand and the potential for savings associated with them,0:05 - 0:13,,,,,,,,,,,,
,,,,ensuring the desired number of plants with accurate rotor row and plan to plant distances is the pivotal step in achieving successful pqnk production,0:13 - 0:21,,,,,,,,,,,,
,,,,once this critical aspect is addressed the rest of the farming process becomes relatively easier,0:21 - 0:28,,,,,,,,,,,,
,,,,unfortunately many farmers compromise on seed quality resulting in the excessive use of seeds to meet the desired plant count,0:28 - 0:35,,,,,,,,,,,,
,,,,this approach not only leads to seed wastage but also disrupts the necessary plant-to-plant distance required for optimal yield targets,0:35 - 0:43,,,,,,,,,,,,
,,,,to improve plant-to-plant distance an alternative method employed by some Farmers is to sow more seeds and then thin out the excess plants after germination,0:43 - 0:54,,,,,,,,,,,,
,,,,however this approach proves to be labor-intensive and results in wastage of both seed and plants,0:54 - 0:59,,,,,,,,,,,,
,,,,moreover maintaining consistent plant-to-plant distances becomes a challenge with this method,0:59 - 1:04,,,,,,,,,,,,
,,,,another common issue is that farmers fail to differentiate between a planting drill and a Precision planter,1:04 - 1:10,,,,,,,,,,,,
,,,,a planting drill randomly drops seeds without singulating or separating them from each other often resulting in inadequate soil coverage,1:10 - 1:17,,,,,,,,,,,,
,,,,this leaves the seeds vulnerable to bird predation and prevents many seeds from attaining the necessary moisture for successful germination,1:17 - 1:25,,,,,,,,,,,,
,,,,on the contrary a Precision planter separates each seed and drops them individually at regular intervals,1:25 - 1:32,,,,,,,,,,,,
,,,,it ensures proper soil coverage and firmly presses the seeds on both sides promoting strong seed to soil contact,1:32 - 1:38,,,,,,,,,,,,
,,,,this approach minimizes seed wastage improves crop stand and facilitates uniform plant growth,1:38 - 1:43,,,,,,,,,,,,
,,,,additionally seeds planted with a Precision planter exhibit a higher germination rate even in low moisture conditions,1:43 - 1:51,,,,,,,,,,,,
,,,,to achieve optimal results it is essential to use clean uniform seats and rely on well-trained tractor operators,1:51 - 2:00,,,,,,,,,,,,
,,,,by recognizing the importance of precise planting techniques and utilizing suitable equipment farmers can enhance their crop stand maximize seed efficiency and achieve more consistent and uniform plant growth,2:00 - 2:12,,,,,,,,,,,,
,,,,estimating the cost of a slit till Precision planter at ours 650 000 the cost of planting seeds on 100 acres would be approximately ours 6500 per acre,2:12 - 2:23,,,,,,,,,,,,
,,,,however when considering the additional expenses related to Conventional tillage-based farming practices such as tillage seed bed preparation increased seed quantity per acre drilling crop thinning and time saved the planter can recoup its investment in just one season,2:23 - 2:41,,,,,,,,,,,,
,,,,this calculation also takes into account the advantages of water conservation reduced labor improved yield And Timely execution of operational tasks,2:41 - 2:51,,,,,,,,,,,,
,,,,Precision farming requires a meticulous approach where every step of the process including the use of a Precision planter must be followed with utmost accuracy and attention to detail,2:51 - 2:59,,,,,,,,,,,,
32,PQNK the ultimate natural food production system,https://youtu.be/4A5HgaL7pHA?si=wdJmaUH6vNVpeJ_k,Slot 3,Most of our farmers are still not capable of understanding permaculture,0:00 - 0:05,Direct Info,,TRUE,FALSE,10:22 min,Low,,Start,End,non Specific,,Lectures 
,,,,"Nor have they tried to understand it. We have been working on this concept for 10-12 years, since 2008, and wherever we are implementing machines, we are making farmers understand that permaculture is the ultimate food production system",0:05 - 0:24,,,,,,,,,,,,
,,,,"There is no better system than this, nor can there be, because it is a system created by nature",0:24 - 0:31,,,,,,,,,,,,
,,,,"It is a system that nature has created and has been running successfully for 40 crore years without any fertilizer, spray, poison, or any deficiency",0:31 - 0:46,,,,,,,,,,,,
,,,,It has been producing food for the entire world,0:46 - 0:51,,,,,,,,,,,,
,,,,"According to the estimates of institutions, there are 13 lakh different species of living beings in this world",0:51 - 1:02,,,,,,,,,,,,
,,,,"Many scientists believe that this number could be more than 20 lakh. Out of these 13 lakh, only humans are the ones who produce food",1:02 - 1:18,,,,,,,,,,,,
,,,,"Nature supplies food to every living being, but humans have taken the production system into their own hands without any thought or understanding",1:18 - 1:34,,,,,,,,,,,,
,,,,"This is the reason why all the problems you see today exist, such as water scarcity, land degradation, climate change, and the high cost of production",1:34 - 1:54,,,,,,,,,,,,
,,,,The quality of the food produced is so poor that today almost everyone's health is deteriorating,1:54 - 2:05,,,,,,,,,,,,
,,,,"The deterioration of health is solely due to the poor quality of food. If we adopt natural farming and implement it strictly, people think that perhaps the yield decreases due to pests",2:05 - 2:24,,,,,,,,,,,,
,,,,"Countless farmers here say that this is wrong. Many farmers say that they have not used any chemicals or poison for years, and their production is getting better and better",2:24 - 2:42,,,,,,,,,,,,
,,,,"There is no deficiency in it, no need to add anything, no need for any fertilizer or pesticide",2:42 - 2:57,,,,,,,,,,,,
,,,,The purpose of my writing is to make everyone understand in a very good way how amazing this system is,2:57 - 3:08,,,,,,,,,,,,
,,,,"This is not a system created by me. I repeatedly say that this is nature's system, which we have learned and I am passing it on to you",3:08 - 3:19,,,,,,,,,,,,
,,,,"Now, the different aspects of this system are: What are the initial costs? If we shift from conventional methods to permaculture, what are the expenses?",3:19 - 3:37,,,,,,,,,,,,
,,,,"There is no expense except for laser leveling, which most farmers already do. If you are using flood irrigation, then laser leveling is necessary",3:37 - 3:50,,,,,,,,,,,,
,,,,"If you are in a hilly area where the land is not level, then laser leveling is not required. After that, we should make beds, which need to be made only once",3:50 - 4:08,,,,,,,,,,,,
,,,,"When you shift for the first time, you need to add organic matter to the soil, such as live mulch, crop residue, or manure from other fields",4:08 - 4:44,,,,,,,,,,,,
,,,,"Then, whatever crop you grow, the investment is the lowest. There is nothing cheaper in the world",4:44 - 5:01,,,,,,,,,,,,
,,,,"The cost of laser leveling will be around 4000 rupees, and bed making will cost around 4000 rupees, totaling 8000 rupees",5:01 - 5:17,,,,,,,,,,,,
,,,,"With 8000 rupees, you can shift from conventional methods to permaculture, and the benefits you will get for a lifetime are unimaginable",5:17 - 5:26,,,,,,,,,,,,
,,,,"After that, the savings are immense. There is no expense for plowing, no expense for fertilizers or pesticides",5:26 - 5:40,,,,,,,,,,,,
,,,,"Countless farmers have started growing garlic just because of permaculture, as the cost of production has reduced significantly",5:40 - 5:55,,,,,,,,,,,,
,,,,There is no need for any agrochemicals or pesticides. The plants you need in the field will grow optimally,5:55 - 6:08,,,,,,,,,,,,
,,,,"Water supply is not an issue. Whether the water is scarce or salty, if you follow the correct methods, there is no problem",6:08 - 6:24,,,,,,,,,,,,
,,,,"The labor required is minimal, and there is no supervision or risk involved. Everything works in your favor",6:24 - 6:48,,,,,,,,,,,,
,,,,"Your operating costs are minimized, and production increases. The water table stabilizes and starts recharging",6:48 - 7:12,,,,,,,,,,,,
,,,,"The adverse effects of weather conditions start improving. The food supply will be sufficient, and every living being will start getting the required nutrition",7:12 - 7:31,,,,,,,,,,,,
,,,,The everlasting benefits are that you cannot imagine a better shield or better quality than this,7:31 - 7:44,,,,,,,,,,,,
,,,,The nutritional density of the food is so high that it provides all the necessary nutrients for humans and animals,7:44 - 7:58,,,,,,,,,,,,
,,,,You will not face any diseases. You can fight all diseases and live a healthy and productive life without any illnesses or medicines,7:58 - 8:16,,,,,,,,,,,,
,,,,The impact on the economy is significant. The savings from not plowing and the reduction in fuel consumption are enormous,8:16 - 8:42,,,,,,,,,,,,
,,,,"The cost of living has decreased, and healthcare expenses have also reduced significantly",8:42 - 8:55,,,,,,,,,,,,
,,,,"This is a system of nature that benefits the farmers who produce, the consumers who eat, and the government that supports it",8:55 - 9:19,,,,,,,,,,,,
,,,,"Everyone should take advantage of this system. It is a gift from Allah, and it is a very serious and important system",9:19 - 9:48,,,,,,,,,,,,
,,,,"There are only three or four things to understand: do not let the soil get waterlogged, do not plow, do not leave the soil bare, and do not disturb the deep soil layers",9:48 - 10:02,,,,,,,,,,,,
,,,,"If you follow these principles, you will be free from all expenses for life, produce good food, live a healthy life, and minimize problems",10:02 - 10:14,,,,,,,,,,,,
,,,,You should implement permaculture seriously and effectively. Thank you very much,10:14 - 10:19,,,,,,,,,,,,
33,Cotton on PQNK no fertilizer and no pesticides,https://youtu.be/-AyooHkYfiE?si=sbe4rmzSx5eWa4i2,Slot 3,__________________________________________________________________________________________,,Direct Info,,TRUE,FALSE,1:19min,Low,___________________________________________________________________,Start,End,non Specific,,Outdoor Survey 
,,,,,,,,,,,,,,,,,
34,Sugarcane on PQNK,https://youtu.be/a_GQT9oIBzg?si=7iW7fqmcyPPna4kM,Slot 3,_______________________________________________________________________________________________,,Direct Info,,TRUE,FALSE,2:03min ,Low,_____________________________________________________________________,Start,End,non Specific,,Outdoor Survey 
,,,,,,,,,,,,,,,,,
35,A citrus farmer from Indian Punjab share his story,https://youtu.be/IopPy2AYQ1M?si=td5Tovr0-BIr2NoA,Slot 3,_______________________________________________________________________________________________,,Direct Info,,TRUE,FALSE,2:13min ,Low,_____________________________________________________________________,Start,End,non Specific,,Outdoor Survey 
,,,,,,,,,,,,,,,,,
36,New Citrus 🍊 orchard on PQNK,https://youtu.be/hgQiDfw4OZU?si=Sa87wMqJJKJl8O0j,Slot 3,_______________________________________________________________________________________________,,Direct Info,,TRUE,FALSE,1:08min,Low,_____________________________________________________________________,Start,End,non Specific,,Outdoor Survey 
,,,,,,,,,,,,,,,,,
37,Citrus 🍊 and cotton on PQNK,https://youtu.be/tQaZTLWiUVc?si=JNKcep0Lt7tZU9To,Slot 3,_______________________________________________________________________________________________,,Direct Info,,TRUE,FALSE,1:13min,Low,_____________________________________________________________________,Start,End,non Specific,,Outdoor Survey 
,,,,,,,,,,,,,,,,,
38,Sugarcane on PQNK Al-Noor Sugar Mill Sindh,https://youtu.be/UOZyEnfN54w?si=dUkZh80NXhHuC_C8,Slot 3,_______________________________________________________________________________________________,,Direct Info,,TRUE,FALSE,4:22min,Low,_____________________________________________________________________,Start,End,non Specific,,Outdoor Survey 
,,,,,,,,,,,,,,,,,
39,The Four Fundamental Principles of Natural Soil Fertility and Vegetation,https://youtu.be/r2PNPn6q1U4?si=HlP4yqNoiVWrC_QE,Slot 3,Four fundamental principles of natural soil fertility,0:01 - 0:10,Direct Info,,TRUE,FALSE,3:09min,High,"Sustainable Soil Management: Principles, Challenges, and the PQNK Approach",Start,End,more Specific,,Lectures 
,,,,Avoid water logging of the soil,0:11 - 0:16,,,,,,,,,,,,
,,,,Do not disturb the soil,0:18 - 0:22,,,,,,,,,,,,
,,,,Cover the soil with organic mulch,0:25 - 0:36,,,,,,,,,,,,
,,,,Promote biodiversity,0:39 - 0:44,,,,,,,,,,,,
,,,,Challenges in industrial agriculture,1:00 - 1:07,,,,,,,,,,,,
,,,,"Use of harmful practices (tillage, agrochemicals, etc.)",1:09 - 1:16,,,,,,,,,,,,
,,,,"Reliance on synthetic inputs (fertilizers, pesticides)",1:23 - 1:34,,,,,,,,,,,,
,,,,Lack of awareness and resources,1:39 - 1:50,,,,,,,,,,,,
,,,,Sustainable agricultural practices (PQNK),1:52 - 2:05,,,,,,,,,,,,
,,,,"Examples: raised beds, no-till farming, multi-cropping",2:07 - 2:15,,,,,,,,,,,,
,,,,"Benefits: soil restoration, biodiversity, cost reduction",2:17 - 2:28,,,,,,,,,,,,
,,,,Call to action for sustainable agriculture,2:31 - 2:39,,,,,,,,,,,,
,,,,PQNK explanation and its 400-million-year sustainability,2:41 - 2:57,,,,,,,,,,,,
40,"If Ongoing Industrial Agriculture Production System is Good, Then Why?",https://youtu.be/XoPxT0Bw_2w?si=Y3lrlGLq0wNp6mEW,Slot 3,Questioning industrial agriculture and organic food demand,0:01 - 0:09,Direct Info,,TRUE,FALSE,2:49min,High,The Flaws of Industrial Agriculture and the Need for Sustainable Alternatives like PQNK,Start,End,more Specific,,Lectures 
,,,,Industrial agriculture depletes soil nutrients and pollutes water,0:11 - 0:18,,,,,,,,,,,,
,,,,Organic food uses sustainable inputs for health and environment,0:23 - 0:29,,,,,,,,,,,,
,,,,No-Till Planting System – Helps water infiltration and prevents soil erosion,0:30 - 0:45,,,,,,,,,,,,
,,,,"Water Scarcity – Industrial agriculture overuses water, draining aquifers",0:47 - 1:06,,,,,,,,,,,,
,,,,Erratic Weather – Industrial agriculture contributes to weather manipulation,1:08 - 1:17,,,,,,,,,,,,
,,,,Skyrocketing Food Costs – High costs due to energy-intensive industrial farming,1:18 - 1:31,,,,,,,,,,,,
,,,,Low Nutrition Density in Food – High yields at the cost of nutrition,1:32 - 1:50,,,,,,,,,,,,
,,,,Regenerative Agricultural Practices – Sustainable methods improving soil and environment,1:52 - 2:05,,,,,,,,,,,,
,,,,PQNK (Pronounced Picnic) – A sustainable natural farming system,2:06 - 2:15,,,,,,,,,,,,
,,,,"PQNK Benefits – Enhances soil health, increases yields, and reduces environmental impact",2:16 - 2:21,,,,,,,,,,,,
,,,,Call to Action – Transition to sustainable farming like PQNK,2:24 - 2:43,,,,,,,,,,,,
41,Sunflower 🌻 yield on PQNK,https://youtu.be/C8AWpr2Hk28?si=il-iusPLfeegGGEK,Slot 3,Greeting and well wishes,0:03 - 0:06,Direct Info,,TRUE,FALSE,2:15 min,Low,Sunflower Cultivation: Yield Insights and Farming Experience,Start,End,non Specific,,Lectures /Outdoor Survey 
,,,,Mention of sunflower crop and planter used,0:08 - 0:13,,,,,,,,,,,,
,,,,Sunflowers have grown beautifully,0:28 - 0:34,,,,,,,,,,,,
,,,,People admire their beauty,0:34 - 0:39,,,,,,,,,,,,
,,,,Sunflowers were watered today,0:41 - 1:02,,,,,,,,,,,,
,,,,Some plants did not grow well,1:13 - 1:16,,,,,,,,,,,,
,,,,Yield results from two-acre and three-canal fields,1:16 - 1:23,,,,,,,,,,,,
,,,,Exact yield from sandy land: 29.5 maunds,1:23 - 1:31,,,,,,,,,,,,
,,,,Seeds planted: 15-20 kg,1:39 - 1:43,,,,,,,,,,,,
,,,,"Farming experience of 15-20 years, exceptional results",1:50 - 1:53,,,,,,,,,,,,
,,,,Acknowledgment and gratitude,2:07,,,,,,,,,,,,
42,Predators in support of PQNK,https://youtu.be/fkqv-IiG7VU?si=S2-ejd6nFk5gQ8mw,Slot 4,"In the transition from conventional crop plants to the PQNK Natural production system,the soil and life within it undergo a restoration process.",7:53 - 8:11,Direct Info,,TRUE,FALSE,11:49 min,High,Natural Plant Protection and Sustainable Farming with PQNK System,Start,End,More Specific,,Lectures 
,,,,"However, during this period, the plants may suffer from mineral deficiencies and lack the robustness to defend themselves adequately against pests and insects,as observed in the video.",,,,FALSE,FALSE,,,,,,,,
,,,,"Fortunately, this is where the role of predators becomes crucial.",8:11 - 8:25,,,,,,,,,,,,
,,,,"They swarm in to protect the plants and eliminate damaging insects,as illustrated in the video, demonstrating how the natural system thrives without the need for agrochemicals.",,,,,,,,,,,,,
,,,,It is essential to recognize that harmful insects and diseases are part of the natural recycling system. They tend to target weak or unhealthy living beings.,8:25 - 8:40,,,,,,,,,,,,
,,,,"As the soil and plants become healthier,several defense mechanisms are activated.",,,,,,,,,,,,,
,,,,"Repelling plants emit scents that repel insects, much like how flies prefer rotten substances.",8:40 - 8:48,,,,,,,,,,,,
,,,,"The soil contains multiple layers of BT bacteria that produce and inject poisonous proteins into plants, effectively killing young larvae.",8:48 - 8:57,,,,,,,,,,,,
,,,,"In cases where harmful insects grow large in size and BT poisons may not be sufficient, predators step in to clean up the infestation.",8:57 - 9:16,,,,,,,,,,,,
,,,,"Remarkably, there are over 1,700 different kinds of predators for each category of insects, ensuring a diverse and robust natural control system.",,,,,,,,,,,,,
,,,,"Additionally, meat-eating birds act as scavengers, preying on insects and pests to keep their populations in check.",9:16 - 9:24  ,,,,,,,,,,,,
,,,,"One interesting aspect is that sucking insects get attracted to nitrogen-saturated plant leaves, which are injured by them. ",9:24 - 9:38  ,,,,,,,,,,,,
,,,,"This is where viruses and fungi come in,understanding the poor conditions of the crop plants and taking their vital role in the overall recycling system.",,,,,,,,,,,,,
,,,,"By understanding and promoting the PQNK natural plant protection system, we can get away from harmful agrochemicals and foster sustainable and environmentally friendly agricultural production.",9:38 - 9:50  ,,,,,,,,,,,,
,,,,What chemicals do plants naturally produce to protect themselves?,9:50 - 10:01 ,,,,,,,,,,,,
,,,,There are many different chemicals that plants produce to protect themselves from predators. Some of the most common include:  ,10:01 - 10:17,,,,,,,,,,,,
,,,,"- Alkaloids: A group of nitrogen-containing compounds that are often toxic to animals, such as caffeine,nicotine, and morphine.  ",,,,,,,,,,,,,
,,,,- Flavonoids: A group of plant pigments that have antioxidant and anti-inflammatory properties. They can also deter insects and other predators. ,10:17 - 10:30  ,,,,,,,,,,,,
,,,,- Terpenoids: A group of volatile compounds that give plants their characteristic scents. Some terpenoids are also toxic to insects.,10:30 - 10:38 ,,,,,,,,,,,,
,,,,- Saponins: A group of compounds that can disrupt the cell membranes of insects and other animals.,10:38 - 10:44  ,,,,,,,,,,,,
,,,,- Tannins: A group of compounds that can make plant tissues tough and unpalatable to animals.,10:44 - 10:50,,,,,,,,,,,,
,,,,"In addition to these chemicals, plants also produce a variety of physical defenses, such as thorns, spines,  and thick bark.",10:50 - 11:02,,,,,,,,,,,,
,,,,These physical defenses can help deter predators and protect the plant from damage.  ,,,,,,,,,,,,,
,,,,The specific chemicals that a plant produces to defend itself will vary depending on the type of plant and the predators that it is likely to encounter.,11:02 - 11:11,,,,,,,,,,,,
,,,,"For example, plants that are eaten by insects are more likely to produce toxins, while plants that are eaten by animals are more likely to produce physical defenses.",11:11 - 11:19  ,,,,,,,,,,,,
,,,,Plants have evolved a wide range of chemical and physical defenses to protect themselves from predators.,11:19 - 11:32 ,,,,,,,,,,,,
,,,,These defenses help to ensure that plants can survive and reproduce even in the face of predation.  ,,,,,,,,,,,,,
,,,,"Plants on PQNK, which means having balanced minerals, can produce scents that repel insects. However, plants in industrial settings may produce smells that attract insects.  ",11:32 - 11:43,,,,,,,,,,,,
43,Reduced Locust Attacks on PQNK Cotton,https://youtu.be/qy80gpuuizY?si=6f-97KgTKvKY_1zY,Slot 4,Reduce locust attacks on PQNK cotton.  ,0:01 - 0:09,Direct Info,,TRUE,,3:41 min,High,Natural Locust Repellent Mechanisms in PQNK Farming,Start,End,More Specific,,Lectures 
,,,,How active and effective natural provision and systems can protect crops from locusts.  ,,,,,,,,,,,,,
,,,,Locusts are a type of grasshopper that can form large destructive swarms.  ,0:09 - 0:21 ,,,,,,,,,,,,
,,,,"These swarms can travel long distances and devour crops, leaving devastation in their wake. ",,,,,,,,,,,,,
,,,,They can cause significant damage to agricultural crops.,0:21 - 0:29 ,,,,,,,,,,,,
,,,,Locust swarms have been known to destroy entire fields of crops. ,,,,,,,,,,,,,
,,,,"In recent years, there have been several outbreaks of locusts in different parts of the world.",0:29 - 0:42  ,,,,,,,,,,,,
,,,,"In 2020 and 2022, a major locust swarm devastated crops in East Africa and caused widespread damage in Pakistan and India.",,,,,,,,,,,,,
,,,,"However, there is a way to protect crops from locusts by ensuring that the plants are healthy and well protected.",0:42 - 0:50 ,,,,,,,,,,,,
,,,,"When plants are healthy, they produce natural chemicals that repel insects.  ",0:50 - 1:02  ,,,,,,,,,,,,
,,,,"These chemicals can make the plants taste bad, smell bad, or have a texture that insects don't like.  ",,,,,,,,,,,,,
,,,,This phenomenon was reported by a PQNK farmer whose cotton crop was saved from locusts.,1:02 - 1:11,,,,,,,,,,,,
,,,,PQNK successfully repelled locusts.  ,,,,,,,,,,,,,
,,,,The video on this slide shows the farmer's cotton crop and also how locusts were repelled by the crop grown.,1:11 - 1:16  ,,,,,,,,,,,,
44,PQNK: The Natural Plant Protection System,https://youtu.be/b8NNibyOFgo?si=YG6ERMJEDU5zhrVv,Slot 4,The video showcases a canola crop that has been infused with toxic proteins by the BT microbe.,2:11 - 2:24  ,Direct Info,,TRUE,,3:32 min,High,PQNK and BT Microbes: A Natural Approach to Pest Control in Agriculture,Start,End,More Specific,,Lectures 
,,,,"As a result, the larvae of army worms are impacted, experiencing gut breakdown and eventual starvation. ",,,,,,,,,,,,,
,,,,"Furthermore, natural predators are depicted actively preying on sucking insects, contributing to pest control. ",2:24 - 2:32 ,,,,,,,,,,,,
,,,,BT (Bacillus thuringiensis) is a naturally occurring microbe found in soil that produces proteins toxic to various types of immature insect larvae.  ,2:32 - 2:51 ,,,,,,,,,,,,
,,,,"It targets different insect groups such as sucking, chewing, eating caterpillars, bollworms, beetles, mosquitoes, flies, and moths.",,,,,,,,,,,,,
,,,,"When ingested by insect larvae, BT toxins are activated in their gut, causing its breakdown and leading to the insect's death within a few hours due to infection and starvation.  ",2:51 - 3:00,,,,,,,,,,,,
,,,,"The PQNK creates a favorable environment in the soil for the growth of BT microbes,thus keeping crops and plants free from pest and virus damage.",3:00 - 3:09,,,,,,,,,,,,
,,,,"Additionally, nature provides a balance against pests with around 1,700 predators preying on them.",3:09 - 3:16,,,,,,,,,,,,
,,,,"PQNK serves as a natural protection system, enabling plants to flourish without the need for agrochemicals.",3:16 - 3:25 ,,,,,,,,,,,,
45,PQNK: A Viable Solution to Water Management,https://youtu.be/00joxTP6eM4?si=ZdhRyHUl0BnY6_u1,Slot 4,"Improves water infiltration:PQNK helps water to penetrate the soil more quickly and easily, which can help to prevent flooding and erosion",3:29 - 3:38,Direct Info,,TRUE,,5:11 min,High,PQNK: A Sustainable Approach to Water Management and Agriculture,Start,End,More Specific,,Lectures 
,,,,Saves soil and plants by preventing water inundation:PQNK protects soil and plants from damage.,3:38 - 3:45,,,,,,,,,,,,
,,,,"Recharges aquifers:PQNK can help to recharge aquifers, which are underground water sources that are vital for human and agricultural use.  ",3:45 - 3:54 ,,,,,,,,,,,,
,,,,"Manages floods: PQNK helps to manage floods by infiltrating water where it drops and slowing the flow, reducing the amount of water that adds to floodwaters.  ",3:54 - 4:04 ,,,,,,,,,,,,
,,,,"Grows crops without irrigation:PQNK can help grow crops without irrigation, which can save water and reduce the cost of agricultural production.  ",4:04 - 4:14,,,,,,,,,,,,
,,,,"No need for expensive dams and distributaries:PQNK reduces water loss by eliminating evaporation, making it a cost-effective solution for water management.  ",4:14 - 4:29,,,,,,,,,,,,
,,,,It does not require the construction of expensive dams and distributaries. ,,,,,,,,,,,,,
,,,,PQNK: The future of water management  ,4:29 - 4:36 ,,,,,,,,,,,,
,,,,PQNK is a promising new understanding that has the potential to revolutionize water management.,4:36 - 4:54,,,,,,,,,,,,
,,,,"By improving water infiltration, PQNK can help prevent flooding, erosion, and water shortages. ",,,,,,,,,,,,,
,,,,"It can also help grow crops without irrigation, which saves water and reduces the cost of agricultural production.",,,,,,,,,,,,,
,,,,PQNK principles:,4:59 - 5:05,,,,,,,,,,,,
,,,,- Breaking hardpan,,,,,,,,,,,,,
,,,,- Making permanent raised beds,,,,,,,,,,,,,
,,,,- Soil cover with organic mulch,,,,,,,,,,,,,
46,OAP (One Acre Property) vertical farming a PQNK model for small holders,https://youtu.be/R2sFo9ADsks?si=W5tBZc2VBUU4XuLj,Slot 4,Vertical Farming with PQNK: A Sustainable Method for Small Farmers: Vertical farming utilizing the PQNK method has emerged as a promising solution for small farmers. ,2:44 - 3:02,Direct Info,,TRUE,,5:39 min,High,Sustainable Vertical Farming with PQNK: A Game Changer for Small Farmers,Start,End,More Specific,,Lectures 
,,,,This innovative technique allows farmers to maximize their land productivity by implementing a vertical model.,,,,,,,,,,,,,
,,,,"By allocating just two columns of land, equivalent to one-fourth of an acre, to vertical farming, farmers can achieve outstanding results. ",3:02 - 3:28,,,,,,,,,,,,
,,,,"Notably, the PQNK method eliminates the need for fertilizers and pesticides, resulting in high-quality, nutrient-dense, and organic produce. ",,,,,,,,,,,,,
,,,,"Additionally, PQNK production requires at least 80% fewer resources compared to conventional farming practices, where frequent application of fertilizers and pesticides is necessary.  ",,,,,,,,,,,,,
,,,,"Increased Profitability:Small farmers adopting the PQNK method can generate an average daily income of PKR 4,000 from one-fourth of an acre.",3:28 - 3:51,,,,,,,,,,,,
,,,,"Sustainable Approach:PQNK eliminates the requirement for chemical fertilizers and pesticides, reducing environmental pollution and promoting sustainable agricultural practices.  ",3:51 - 4:01 ,,,,,,,,,,,,
,,,,Nutrient-Dense Organic Plus Produce:The PQNK method ensures that harvested crops are of the highest quality. ,4:01 - 4:15,,,,,,,,,,,,
,,,,"Farmers can provide consumers with Organic Plus Plus produce that is rich in essential nutrients, promoting healthier lifestyles.",,,,,,,,,,,,,
,,,,"Resource Efficiency: PQNK vertical farming optimizes land usage, allowing farmers to maximize their productivity with minimal land resources.",4:15 - 4:33,,,,,,,,,,,,
,,,,"By utilizing vertical space, crops can be grown in a smaller footprint, making efficient use of available land. ",,,,,,,,,,,,,
,,,,The elimination of fertilizers and pesticides significantly reduces production expenses.,4:33 - 4:48 ,,,,,,,,,,,,
,,,,Farmers adopting the PQNK method can save costs on expensive inputs and allocate resources more efficiently. ,,,,,,,,,,,,,
,,,,Conclusion:Vertical farming utilizing the PQNK method holds immense potential for small farmers. ,4:51 - 5:33 ,,,,,,,,,,,,
,,,,"By implementing this innovative technique, farmers can achieve higher profitability, minimize resource consumption, and contribute to sustainable agriculture. ",,,,,,,,,,,,,
,,,,"The PQNK method’s numerous advantages—including the elimination of tillage, chemical fertilizers, and pesticides, as well as requiring at least 80% less water for irrigation—ensure the production of high-quality, nutrient-dense organic produce.  ",,,,,,,,,,,,,
,,,,"As conventional farming practices become increasingly burdensome, PQNK vertical farming emerges as a viable and efficient solution for small-scale farmers looking to thrive in a competitive market while prioritizing environmental stewardship. ",,,,,,,,,,,,,
47,Damage of citrus psylla.,https://youtu.be/KQF27X5oeKQ?si=VgKFstrKguFVA65s,Slot 4,"Citrus psyllids damage citrus trees by feeding on new shoots and leaves, removing sap from the plant tissue, and injecting a salivary toxin.",4:56 - 5:14,Direct Info,,TRUE,,5:57 min,High,PQNK: A Natural Solution to Citrus Psyllid Damage Without Pesticides,Start,End,More Specific,,Lectures 
,,,,"As they feed, this toxin can inhibit or kill new shoots, deforming new leaves by twisting and curling them. ",,,,,,,,,,,,,
,,,,Excessive feeding by psyllids can also cause mature leaves to twist. ,,,,,,,,,,,,,
,,,,"When psyllids and nymphs feed on a tree, they can infect it with bacteria, which is then transferred to other citrus trees as they move between plants.",5:14 - 5:25 ,,,,,,,,,,,,
,,,, This bacteria can kill a citrus tree in just a few seasons. ,,,,,,,,,,,,,
,,,,PQNK is amazing! A farmer using PQNK shared an enclosed video showing how some citrus trees were attacked by psyllids in March. ,5:27 - 5:47 ,,,,,,,,,,,,
,,,,The farmer immediately applied the PQNK technique by covering the soil with thick organic mulch.,,,,,,,,,,,,,
,,,,"Not only did the plants recover, but they also produced an abundance of fruits, as shown in the video. ",,,,,,,,,,,,,
,,,,No Pesticide or Fertilizer Used ,5:47 - 5:50,,,,,,,,,,,,
48,Controlling Rodents and Rats Under Mulch,https://youtu.be/3WDiirNEACg?si=zdVUFswj_ISChsTF,Slot 4,"Rodents and rats can infest organic mulch, damaging plant beds.",1:05 min,Direct Info,,TRUE,,1:05 min,Medium,Effective Rodent Control Under Mulch ,Start,End,Specific,,Lectures 
,,,,"A simple solution is spraying a mixture of castor oil, water, and unscented soap to repel them without harming plants.",,,,,,,,,,,,,
,,,,"Regular application ensures protection, keeping plant beds healthy.",,,,,,,,,,,,,
49,PQNK: Unveiling the Sustainable Solution in Agriculture Policies.,https://youtu.be/jHinY_BQ6ac?si=C-r4PHIKVxMmVrr5,Slot 4,"There is never a solution in agriculture policies, only provisions. ",0:02 - 0:07,Direct Info,,TRUE,,3:30 min,High,PQNK: A Sustainable Alternative to Conventional Agriculture Policies,Start,End,More Specific,,Lectures 
,,,,"Within the expansive realm of agriculture policies, governments have long sought to address the challenges faced by farmers and ensure food security.",0:07 - 0:26 ,,,,,,,,,,,,
,,,,"However, these policies often fall short, focusing on provisions like subsidies and support prices rather than comprehensive solutions.",,,,,,,,,,,,,
,,,,This chapter delves into the limitations of conventional agriculture policies and the need for a paradigm shift toward sustainable interventions that address root causes.  ,0:26 - 0:47,,,,,,,,,,,,
,,,,Governments worldwide have implemented various policies aimed at improving agriculture and farmer livelihoods.,0:47 - 1:16,,,,,,,,,,,,
,,,," However, these policies primarily provide short-term relief rather than addressing fundamental issues.",,,,,,,,,,,,,
,,,,Subsidies and support prices may ease financial burdens temporarily but do not offer long-term sustainable solutions.,,,,,,,,,,,,,
,,,,Breaking free from provisional agriculture policies requires a transformative shift in production processes. ,1:16 - 1:45 ,,,,,,,,,,,,
,,,,Moving from temporary fixes to sustainable solutions can address core agricultural challenges.,,,,,,,,,,,,,
,,,,Sustainable practices not only mitigate environmental degradation but also improve productivity and resilience.,,,,,,,,,,,,,
,,,,Farmers need knowledge and resources to transition to sustainable agriculture.,1:45 - 2:11 ,,,,,,,,,,,,
,,,,Education and training are essential to equip them with the skills to adopt new practices. ,,,,,,,,,,,,,
,,,,"By learning about sustainable farming techniques, farmers can make informed decisions that align with nature.",,,,,,,,,,,,,
,,,,"Among various farming practices, farmers must identify what truly works.",2:11 - 2:37,,,,,,,,,,,,
,,,,"PQNK (Peter Trading is on Cash Out of Chiari, pronounced as ""picnic"") promotes sustainable natural farming systems, reducing reliance on synthetic inputs while ensuring ecological balance.  ",,,,,,,,,,,,,
,,,,"By embracing PQNK, farmers can improve soil health, conserve biodiversity, minimize environmental impact, and produce poison-free, nutrient-dense food at the lowest cost. ",2:37 - 2:52,,,,,,,,,,,,
,,,,Traditional agriculture policies have focused on provisions rather than solutions. ,2:52 - 3:23,,,,,,,,,,,,
,,,, Now is the time for transformative change. Sustainable interventions that address root agricultural challenges provide a pathway to a more resilient future. ,,,,,,,,,,,,,
,,,,"Empowering farmers with knowledge and promoting sustainable systems like PQNK can lead to a regenerative agricultural sector, benefiting farmers, consumers, and the planet.",,,,,,,,,,,,,
50,Conduct of Research is for the Betterment.,https://youtu.be/tl2Eav0Obgc?si=duoE566MEoqgD44v,Slot 4,"Research is essential for agricultural improvement, but it must be directed correctly. Past research has often led to bad science in production agriculture.  ",00:01 - 00:09,Direct Info,,TRUE,,3:02 min,High,PQNK and the Role of Research in Sustainable Agriculture,Start,End,More Specific,,Lectures 
,,,,"We must change our mindset, forget outdated practices, and focus on understanding how natural vegetation has thrived for over 400 million years without human intervention. ",00:09 - 00:26 ,,,,,,,,,,,,
,,,,Nature-based production systems like PQNK (Peter Treading Nissan Qashata Chiari) offer a sustainable farming approach. ,,,,,,,,,,,,,
,,,,Dedication to understanding and adopting sustainable natural farming is crucial for long-term agricultural success.,00:26 - 00:44,,,,,,,,,,,,
,,,,"Despite several recommendations, progress remains slow.",,,,,,,,,,,,,
,,,,"Reduction in Cost of Production – Research can identify cost-effective farming methods, leading to lower prices for consumers and increased profits for farmers.  ",00:44 - 01:01 ,,,,,,,,,,,,
,,,,Improvement in Quality – Enhancing the nutritional value and taste of crops and livestock.,,,,,,,,,,,,,
,,,,"Increase in Yield – Boosting crop and livestock yield to produce more food from the same land, helping to meet food demand and reduce hunger. ",01:01 - 01:21 ,,,,,,,,,,,,
,,,,"Ease in Operation – Research can simplify farm operations, reduce labor costs, and increase productivity.",,,,,,,,,,,,,
,,,,"Environmental Impact – Enhancing soil health, reducing pollution, conserving water, and protecting wildlife.",01:21 - 01:41,,,,,,,,,,,,
,,,,"Mitigation and Reduction of Risks – Research can address risks related to climate, crop failures, economics, and sustainability, ensuring long-term food security.",,,,,,,,,,,,,
,,,,"Improved Food Security – Research contributes to better food availability, affordability, and quality. ",01:41 - 02:08,,,,,,,,,,,,
,,,,"Economic Growth – Productivity improvements, cost reductions, and job creation.  ",,,,,,,,,,,,,
,,,,Environmental Sustainability – Reducing agriculture's negative environmental impact.  ,,,,,,,,,,,,,
,,,,"Despite these potential benefits, targets have not been met. Increased yields have come at a high cost, including resource degradation and rising production costs. ",02:08 - 02:31,,,,,,,,,,,,
,,,,"To truly advance agriculture, research must focus on risk mitigation, quality improvement, and sustainable yield increases.",02:31 - 02:54 ,,,,,,,,,,,,
,,,,"Additionally, access to research must be expanded so that all farmers, regardless of size or location, can benefit.",,,,,,,,,,,,,
51,Health checker for plants and nutrition levels of food,https://youtu.be/MnXRvRHgaLk?si=BGqijs0SqH02bnJf,Slot 4,Brix levels range from 1 to 20 plus.,0:03 - 0:06,Direct Info,,TRUE,,1:50 min,Medium,Understanding Brix Levels and Their Role in Plant Health and Pest Resistance,Start,End,More Specific,,Lectures 
,,,,Fighting for survival metabolism and increasing water retention abilities.,0:06 - 0:10,,,,,,,,,,,,
,,,,"No insects and disease with high-quality, nutrient-dense fruit.",0:10 - 0:13,,,,,,,,,,,,
,,,,Resistance to sucking and chewing insects.,0:13 - 0:15,,,,,,,,,,,,
,,,,Resistance to all kinds of insects.,0:15 - 0:17,,,,,,,,,,,,
,,,,Brix is a measure of the sugar content in a plant.,0:17 - 0:19,,,,,,,,,,,,
,,,,"It is measured on a scale of 0 to 100, with 100 being the highest level.",0:19 - 0:24,,,,,,,,,,,,
,,,,Brix levels are important for assessing plant health and quality.,0:24 - 0:28,,,,,,,,,,,,
,,,,Plants with high Brix levels are healthier and more resistant to pests and diseases.,0:28 - 0:33,,,,,,,,,,,,
,,,,The ideal Brix level varies by plant type and growth stage.,0:33 - 0:40,,,,,,,,,,,,
,,,,"In general, plants with Brix levels of 12 or higher are considered healthy.",0:40 - 0:45,,,,,,,,,,,,
,,,,"Several factors affect Brix levels, including soil fertility, watering, sunlight, pests, and diseases.",0:45 - 0:50,,,,,,,,,,,,
,,,,The most common method for measuring Brix levels is using a refractometer.,0:50 - 0:59,,,,,,,,,,,,
,,,,Brix levels help assess plant health and quality.,0:59 - 1:04,,,,,,,,,,,,
,,,,"By monitoring Brix levels, farmers can ensure proper nutrient intake for healthy, productive plants.",1:04 - 1:10,,,,,,,,,,,,
,,,,Brix levels also measure the quality of fruits and vegetables.,1:16 - 1:22,,,,,,,,,,,,
,,,,Higher Brix levels are linked to better flavor and nutritional content.,1:22 - 1:27,,,,,,,,,,,,
,,,,"Plants with high Brix levels are more resistant to environmental stresses like drought, heat, and cold.",1:27 - 1:33,,,,,,,,,,,,
,,,,Brix levels increase when using PQNK and managing water properly.,1:33 - 1:38,,,,,,,,,,,,
,,,,Keeping plants close to the wilting point and ensuring adequate sunlight are crucial.,1:38 - 1:43,,,,,,,,,,,,
52,Necessity of operators training - PQNK,https://youtu.be/bxBLKJbqCns?si=eiTN3CuLmX-M3Y9t,Slot 4,Skill and training of tractor operators impact productivity.,2:44 - 2:47,Direct Info,,TRUE,,4:22 min,Low,Improving Tractor Operator Training for Enhanced Agricultural Efficiency,Start,End,More Specific,,Lectures 
,,,,A skilled operator is essential for achieving objectives.,2:47 - 2:49,,,,,,,,,,,,
,,,,"Just as a well-trained gunman is crucial, so is a tractor operator for success.",2:49 - 2:53,,,,,,,,,,,,
,,,,"Without proper training, even the best leadership may struggle to meet goals.",2:53 - 2:56,,,,,,,,,,,,
,,,,Tractor operators face challenges due to limited access to training facilities.,3:00 - 3:03,,,,,,,,,,,,
,,,,This lack of facilities hinders operators from gaining necessary expertise.,3:03 - 3:06,,,,,,,,,,,,
,,,,Operators have basic steering skills but lack in-depth knowledge.,3:10 - 3:14,,,,,,,,,,,,
,,,,"They need better understanding of tractor functionality, maintenance, and equipment mounting.",3:14 - 3:19,,,,,,,,,,,,
,,,,Adjusting machinery for desired results and precise land preparation require advanced skills.,3:19 - 3:24,,,,,,,,,,,,
,,,,Land preparation for precision planting requires meticulous execution.,3:29 - 3:33,,,,,,,,,,,,
,,,,Lack of training prevents operators from performing these critical tasks effectively.,3:33 - 3:37,,,,,,,,,,,,
,,,,Enclosed videos highlight areas that need improved training.,3:52 - 3:56,,,,,,,,,,,,
,,,,These videos provide valuable insights into challenges faced by tractor operators.,3:56 - 4:02,,,,,,,,,,,,
,,,,"By addressing these issues and offering comprehensive training, operators can maximize efficiency.",4:02 - 4:08,,,,,,,,,,,,
,,,,Empowering tractor operators through better training leads to desired outcomes.,4:08 - 4:14,,,,,,,,,,,,
53,Kinnow on PQNK Haji Ramzan,https://youtu.be/mRI9TwjRTXA?si=L36QIvo8PLhIeAFm,Slot 4,The farmer discussed how he started a PQNK program and initially faced poor plant health due to weak plants and small patches. He worked on improving the condition of the plants by following agricultural guidance.,0:23 - 0:26,Indirect Info,,TRUE,,8:24 min,Medium,Improvement of Plant Health Through Agricultural Practices and Guidance.,Start,End, Specific,,Outdoor Survey 
,,,,The farmer inquired about the methods of improving plant health and sought advice on agricultural practices.,0:29 - 0:32,,,,,,,,,,,,
,,,,"He mentioned that after implementing the guidance provided to him, the plants had significantly improved. The plants grew healthy, with no pests or diseases, and the size of the leaves and fruits showed clear progress. ",1:27 - 1:34,,,,,,,,,,,,
,,,,He also highlighted the difference between the plants he nurtured and those that received less attention.,,,,,,,,,,,,,
,,,,The farmer attributed the improvement of his plants to the guidance he received. He emphasized the importance of following proper agricultural practices and encouraged others to attend lectures and learn the correct methods for plant care.,2:49 - 3:03,,,,,,,,,,,,
,,,,"He shared that, through consistent efforts and the right techniques, his plants were now thriving with healthy fruits and no signs of disease or pests.",,,,,,,,,,,,,
54,Fruit tree alleys and filled crops on PQNK,https://youtu.be/E4o5zzkflKU?si=H6gW4iy7rzBO7keo,Slot 4,There is no mention of PQNK in the provided transcription,,,,,,,,,,,,,
55,Fruit flies cannot affect PQNK orchards,https://youtu.be/CrdJXlZ-9Z0?si=OBIlJPEI723_PVPm,Slot 4,There is no mention of PQNK in the provided transcription,,,,,,,,,,,,,
56,PQNK Training part 1.1,https://youtu.be/R6fShH2rghU?si=blWO4nmDqQIyUEi4,Slot 4,So our concept here is No Till & Organic Much Deep-Rooted Principles.,7:22 - 7:41,,,,,,,,,,,,
,,,,We follow three principles:,,,,,,,,,,,,,
,,,,Don’t disturb the soil,7:41 - 8:01,,,,,,,,,,,,
,,,,Don’t let it get waterlogged,,,,,,,,,,,,,
,,,,Don’t leave it uncovered,,,,,,,,,,,,,
,,,,"Following these three alone eliminates the need for fertilizers, sprays, or other inputs.",,,,,,,,,,,,,
,,,,You only need to go and harvest. Maybe add a little water between crops.,8:01 - 8:14,,,,,,,,,,,,
,,,,See how much it reduces our cost of production.,,,,,,,,,,,,,
,,,,And the quality and taste of the food gets significantly better—our picnic friends sitting here will tell you how amazing it tastes.,8:14 - 8:34,,,,,,,,,,,,
,,,,"Like the cucumbers we eat today—they’re all water, no nutrition, no taste.",8:34 - 8:43,,,,,,,,,,,,
57,PQNK - The Natural Ecosystem Science schooling.,https://youtu.be/YpLeCGjd-to?si=eqKTuDPmsMu6Lbfm,Slot 4,The provided transcription does not mention PQNK directly,,,,,,,,,,,,,
58,"Effects of ancient, conventional, industrial agriculture compared to PQNK",https://youtu.be/Ti323GswuqM?si=yrdKNuM8ggD3pbHu,Slot 4,The provided transcription does not mention PQNK directly,,,,,,,,,,,,,
59,Paradoxical Agriculture PA/PQNK is the latest scientific understanding,https://youtu.be/gdmCu6eUNSk?si=GAICo2EBLXi0dS8B,Slot 4,"There are three things (""in natural farming"").",9:46-10:47,,,,,,,,,,,,
,,,,"There were three steps: without using gases or chemicals, without plowing or using excess seeds and applying very little water ",10:47-11:21,,,,,,,,,,,,
,,,,"Without fertilizers, pesticides, or wasting water.",,,,,,,,,,,,,
60,How did we demolished our food supply system,https://youtu.be/NxdKrEZZkIA?si=tNhU0Q0S89y-U2s6,,,,,,,,,,,,,,,
61,"Science, logic and common sense",https://www.youtube.com/watch?v=u4zjha7RW1U,Slot 5,why was the science of production agriculture pqnk not developed and applied? agriculture is a unique sector that has not benefited from the application of science to understand the natural provision and Protection Systems instead of building upon natural ecosystems research has focused on destroying them and highlighting deficiencies to promote the repeated sale of so-called agricultural inputs as a result the manipulation of natural algorithms that govern soil fertility and vegetation has a devastating consequences affecting everything from Soil and Water Quality to the environment and the cost and quality of food farmers and consumers have suffered while input supply companies have flourished it is time to reassess our approach to production Agriculture and work towards supplementing rather than substituting natural processes we must recognize the importance of building and supporting natural ecosystems to facilitate sustainable and profitable agriculture by doing so we can ensure the well-being of farmers consumers and the environment while promoting the long-term success of the industry,3:06-4:20,Select info type,Quote 4,FALSE,FALSE,15 min,Select prority type,Topic 2,Start,End,General information.,,Select video quality
62,The Negative Effects of Uprooting and Ploughing on Soil Health,https://www.youtube.com/watch?v=LfQ_oYgTcgM,Slot 5,The negative effects of uprooting and plowing on soil health,,Select info type,Quote 5,FALSE,FALSE,,Select prority type,,,,,,Select video quality
,,,,,,Select info type,Quote 6,FALSE,FALSE,,Select prority type,,,,,,Select video quality
,,,,"Uprooting and plowing are common agricultural practices that have been used for centuries. However, these practices can have a number of negative effects on soil health. Soil, when undisturbed, inundated with water, and covered with organic mulch to maintain soil temperature between a comfortable range of 15°C to 25°C, supports billions of microbes, which thrive in great diversity. These microbes are responsible for the provision and protection of plants. This is the natural ecosystem sustained for over 400 million years. The natural ecosystem is self-sustained, producing food for every living being without human intervention.",0:04 - 0:41,,,,,,,,,,,,
,,,,,,,,,,,,,,,,,
,,,,Loss of soil structure,,,,,,,,,,,,,
,,,,"Uprooting and plowing can disrupt the soil structure, making it more difficult for water and air to penetrate. This can lead to soil erosion and compaction.",0:43 - 0:52,,,,,,,,,,,,
,,,,,,,,,,,,,,,,,
,,,,Loss of organic matter,,,,,,,,,,,,,
,,,,"When the soil is disturbed, organic matter is lost. This happens because organic matter is held in place by the soil structure, and when the structure is disrupted, the organic matter is released and can be washed away by water or blown away by wind. Most importantly, soil temperature rises, which burns the organic matter. This is why we see smoke rising from bare soils at noon when the soil temperature is high. In some areas, it can reach 70°C.",00:54 - 1:21,,,,,,,,,,,,
,,,,,,,,,,,,,,,,,
,,,,Increased risk of pests and diseases,,,,,,,,,,,,,
,,,,"Uprooting and plowing can create wounds in the soil, which provide entry points for pests and diseases. This can increase the risk of plant damage and crop loss. Soil disturbance kills microbial life that is responsible for plant protection.",1:23 - 1:38,,,,,,,,,,,,
,,,,,,,,,,,,,,,,,
,,,,Reduced fertility,,,,,,,,,,,,,
,,,,"The loss of soil structure, organic matter, and compaction can all contribute to reduced fertility. This means that the soil will be less able to support plant growth due to the destruction of the habitat of microbes responsible for providing the minerals required by plants in a proportionate form.",1:40 -1:56,,,,,,,,,,,,
,,,,,,,,,,,,,,,,,
,,,,"Traditional plowing was done by animals, which meant the soil was only disturbed to a shallow depth. This allowed the soil structure to remain intact and the organic matter to be preserved. However, with the advent of mechanized agriculture, plowing has become much deeper and more frequent. This has led to a number of negative consequences for soil health, including:",1:57 - 2:16,,,,,,,,,,,,
,,,,,,,,,,,,,,,,,
,,,,Reduced infiltration rate,,,,,,,,,,,,,
,,,,"When the soil is disturbed to a deep depth, it becomes more compacted. This makes it more difficult for water to infiltrate the soil, leading to waterlogging and the depletion of aquifers.",2:19 -2:30,,,,,,,,,,,,
,,,,,,,,,,,,,,,,,
,,,,Evaporation,,,,,,,,,,,,,
,,,,"When the soil is disturbed, it exposes more of the surface to the sun and wind. This can lead to increased evaporation, which further depletes aquifers and contributes to drought.",2:32 - 2:42,,,,,,,,,,,,
,,,,,,,,,,,,,,,,,
,,,,Increased risk of erosion,,,,,,,,,,,,,
,,,,"When the soil is compacted and organic matter is lost, it becomes more susceptible to erosion. This can lead to the loss of topsoil, which is the most fertile layer of soil.",2:44 - 2:56,,,,,,,,,,,,
,,,,,,,,,,,,,,,,,
,,,,"The erratic weather that we are experiencing today is likely due to a number of factors, including excessive water floating in the atmosphere because of lower absorption and evaporation. However, the increased disturbance of soil by mechanized agriculture is also a contributing factor.",2:57 - 3:11,,,,,,,,,,,,
,,,,,,,,,,,,,,,,,
,,,,There are a number of things that can be done to minimize the negative effects of plowing on soil health. These include:,3:11 - 3:17,,,,,,,,,,,,
,,,,,,,,,,,,,,,,,
,,,,Using slit insertion precision planters (SIPPP): SIPPP eliminates the need for tillage. It plants seeds by making narrow slits and inserts seeds at a suitable depth while maintaining seed-to-seed distances.,3:20 - 3:29,,,,,,,,,,,,
,,,,"Live mulch: Cover crops are plants that are grown to protect the soil and act as a live mulch. They help reduce erosion, improve soil structure, and increase organic matter.",3:32 - 3:41,,,,,,,,,,,,
,,,,"Dead mulch: The residue of the previous crop can be used as a mulch. It’s a layer of organic material spread on the soil surface. It helps moderate soil temperatures, improve water retention, and suppress weeds.",3:43 - 3:52,,,,,,,,,,,,
,,,,,,,,,,,,,,,,,
,,,,"By following these tips, we can help protect the health of our soils and mitigate the negative effects of plowing on the environment.",3:54 - 4:01,,,,,,,,,,,,
,,,,,,,,,,,,,,,,,
,,,,Uprooting is detrimental to natural ecosystems.,4:06 - 4:08,,,,,,,,,,,,
,,,,,,,,,,,,,,,,,
,,,,,,,,,,,,,,,,,
63,PQNK Slit-Till Raised-Beds Precision Planter: A Tool for Soil Restoration and Regeneration,https://www.youtube.com/watch?v=78DoC5UKGuo,Slot 5,"Uprooting and plowing are common agricultural practices that have been used for centuries. However, these practices can have a number of negative effects on soil health.",0:04 - 0:41,,,,,,,,,,,,
,,,,"Soil, when undisturbed, inundated with water, and covered with organic mulch to maintain soil temperature between a comfortable range of 15°C to 25°C, supports billions of microbes, which thrive in great diversity.", ,,,,,,,,,,,,
,,,,"These microbes are responsible for the provision and protection of plants. This is the natural ecosystem sustained for over 400 million years. The natural ecosystem is self-sustained, producing food for every living being without human intervention.", ,,,,,,,,,,,,
,,,,,,,,,,,,,,,,,
,,,,PQNK Slit-Till Raised-Beds Precision planter: A tool for soil restoration and regeneration.,1:16 - 1:36,,,,,,,,,,,,
,,,,TQNK is actively engaged in the restoration and regeneration of highly saline and collapsed soils.,,,,,,,,,,,,,
,,,,The Slick Toe raised beds Precision planter is a remarkable tool that can help to achieve this goal.,,,,,,,,,,,,,
,,,,,,,,,,,,,,,,,
,,,,The planter is designed to plant almost all seeds at desired plant spacing.,1:31 - 1:44,,,,,,,,,,,,
,,,,"It can also plant single seeds of rice and other plants at 20x20 cm, 8x8, and 25x25 cm, 10x10 spacing.",,,,,,,,,,,,,
,,,,,,,,,,,,,,,,,
,,,,Row-to-row distance is restricted by mulcher blades and seed boxes to a minimum of 20 centimeters.,1:50 - 2:02,,,,,,,,,,,,
,,,,"The planter can also plant seeds through thick mulch. However, the type and thickness of the mulch will affect the ability of the seeds to germinate.", ,,,,,,,,,,,,
,,,,,,,,,,,,,,,,,
,,,,"For narrow leaf seeds, there is no issue, but for small broadleaf seeds, the slit must be large enough for the seeds to emerge, which the planter can accommodate.",2:05 - 2:11,,,,,,,,,,,,
,,,,,,,,,,,,,,,,,
,,,,"In general, the planter can handle all kinds of seeds for accurate crop stand.",2:14 - 2:27,,,,,,,,,,,,
,,,,"However, it is important to note that singulation of seeds is a difficult task. Seed size, shape, and weight can vary, and not all seeds will germinate.", ,,,,,,,,,,,,
,,,,,,,,,,,,,,,,,
,,,,"Therefore, planting should be based on an 80% performance rate when adjusting seed-to-seed distance to get the appropriate number of plants.",2:29 - 2:41,,,,,,,,,,,,
,,,,"Seeds should be uniform, free of inert matter, broken, and immature seeds to get the best results.",,,,,,,,,,,,,
,,,,,,,,,,,,,,,,,
,,,,The mulcher in front of the planter can handle all types of cover crop plants and crop residue.,2:43 - 2:52,,,,,,,,,,,,
,,,,This allows the planter to plant seeds simultaneously in a single-pass operation.,,,,,,,,,,,,,
64,Recovery and sustainability of orchards with PQNK,https://youtu.be/WjxYYTpAzEg?si=umRDUnnslexvxM_S,Slot 5,"Revitalizing mango orchards, the PQNK campaign transforming Southwest Punjab's mango industry. ",00:02-00:07,,,,,14:32 min,,Revitalizing Mango Orchards in Southwest Punjab Through PQNK Natural Farming,,,,,
,,,,"Mango is widely regarded as the most popular fruit, and the mangoes produced in the southwest region of Punjab, Pakistan, are considered the finest in quality.",00:09-00:17 ,,,,,,,,,,,,
,,,,"Unfortunately, due to poor farming practices, many orchards have been on a decline, resulting in reduced fruit quantity and quality as well as potential orchard failures",00:20-00:27,,,,,,,,,,,,
,,,,"Farmers diligently followed recommendations from agriculture extension services and sales representatives of input suppliers, causing an increase in production costs and a significant decrease in profit margins. ",00:29-00:40,,,,,,,,,,,,
,,,,This unfavorable situation even affected the mango orchards of the Mango Research Institute.  ,00:43-00:45,,,,,,,,,,,,
,,,," We launched a campaign to address the issues faced by mango orchards on the adaptation of PQNK by involving the Mango Research Institute, mango farmers' associations, and PQNK motivators such as Mr. Mubasherias.",00:47-00:54,,,,,,,,,,,,
,,,,"As a result, the orchards experienced a remarkable recovery with production costs reduced to nearly zero, higher yields, and the production of top-grade mangoes rated A Plus or Organic Plus. ",01:02-01:09,,,,,,,,,,,,
,,,,A farmer featured in the attached video speaks highly of the positive impact of PQNK on his farm.,01:12-01:16,,,,,,,,,,,,
,,,,Mango orchard on PQNK. PQNK is a simple natural process for soil fertility and vegetation. It has been providing provisions and protections to vegetation for over 400 million years without depleting any resources.  ,10:51-11:05,,,,,,,,,,,,
,,,,No inundation of the soil—this means that the soil is not flooded or waterlogged. This allows the roots of the plants to breathe.,11:09-11:17,,,,,,,,,,,,
,,,,No disturbance of the soil—this means that the soil is not tilled or plowed. This helps to preserve the soil structure and the beneficial microorganisms that live in the soil.,11:19-11:24,,,,,,,,,,,,
,,,,Soil kept with organic mulch—this helps to maintain soil temperature and reduce water evaporation. It also provides a source of nutrients for the plants.,11:27-11:34,,,,,,,,,,,,
,,,,Increased crop yields—PQNK has been shown to increase crop yields by up to 50 percent.,11:39-11:45,,,,,,,,,,,,
,,,,Improved soil health—PQNK helps to improve the soil structure and the populations of beneficial microorganisms in the soil. This leads to healthier plants and a more sustainable agricultural system.,11:48-11:56,,,,,,,,,,,,
,,,,"Reduced input costs—PQNK does not require the use of fertilizers or pesticides, which can save farmers money.",11:58-12:06,,,,,,,,,,,,
,,,,"PQNK is a simple, natural, and sustainable way to improve soil fertility and vegetation. It is a valuable tool for farmers who are looking to increase crop yields, improve soil health, and reduce input costs.",12:10-12:18,,,,,,,,,,,,
,,,,"PQNK can be used for a variety of crops, including mangoes, citrus fruits, vegetables, and grains.",12:22-12:25,,,,,,,,,,,,
,,,,PQNK is easy to implement and does not require any special equipment.,12:30-12:33,,,,,,,,,,,,
,,,,PQNK can be used in both irrigated and rain-fed systems.,12:35-12:38,,,,,,,,,,,,
65,Harmony Unveiled: Embracing Sustainability as Nature's Gift,https://youtu.be/ZhN8gGbQkSk?si=1hFvy0Q8up1YPpXa,Slot 5,"Regeneration and adaptation: Nature thrives by restoring itself. Ecosystems heal after disturbances, whether natural or human-induced.",1:00-1:16 ,,,,,,,Embracing Nature’s Wisdom: The Path to True Sustainability,,,,,
,,,,Fires clear space for new growth. Coral reefs regenerate after bleaching. Nature is resilient. We can learn from these processes.,1:16-1:31 ,,,,,,,,,,,,
,,,,"Circular economy and natural cycles: In nature, waste does not exist. Resources are continuously reused and repurposed.",1:31-1:50,,,,,,,,,,,,
,,,,"A circular economy follows this principle. Reduce waste, recycle materials, and regenerate resources. This minimizes impact and promotes prosperity.",1:50-2:07,,,,,,,,,,,,
,,,,"Biodiversity: Nature’s resilient tapestry. The variety of species provides essential ecological services. These include pollination, nutrient cycling, and soil formation.",2:07-2:24,,,,,,,,,,,,
,,,,Ecosystems with high biodiversity adapt better to changes. Protecting biodiversity helps maintain balance for all life,2:24-2:39  ,,,,,,,,,,,,
,,,,Learning from indigenous wisdom. Indigenous cultures deeply understand the connection between humans and nature.,2:39-2:56 ,,,,,,,,,,,,
,,,,Their traditions sustain communities and foster respect for the environment. Learning from them can lead to sustainable lifestyles.,2:56-3:16,,,,,,,,,,,,
,,,,Sustainability is not a distant goal. It is a natural quality we must honor and work with.,3:16-3:36,,,,,,,,,,,,
,,,,"By embracing interconnectedness, regeneration, circularity, and biodiversity, we move toward a sustainable future. Humanity and nature must coexist. ",3:36-3:54,,,,,,,,,,,,
66,Unraveling the Patchwork: A Journey Through Agricultural Transformation,https://youtu.be/1T7VlTHBtHM?si=T4mubgT0LIwqvx8W,Slot 5,Unraveling the patchwork. A journey through agricultural transformation.,0:01-0:04 ,,,,,,,The Evolution and Future of Agriculture: From Industrial Practices to Sustainability,,,,,
,,,,"Agriculture has been the lifeblood of civilization. It provided food, stability, and strong communities.",0:04-0:09,,,,,,,,,,,,
,,,,"Ancient farming methods were simple. They involved soil disturbance, water flooding, and leaving the land bare.",0:09-0:16 ,,,,,,,,,,,,
,,,,Industrial agriculture changed everything. It enhanced old methods but led to environmental harm.,0:16-0:28,,,,,,,,,,,,
,,,,The ecosystem suffered as traditional farming was replaced. The balance of nature was disrupted.,0:28-0:34,,,,,,,,,,,,
,,,,"The rise of industrial agriculture. Machinery, fertilizers, and pesticides boosted productivity.",0:34-0:43,,,,,,,,,,,,
,,,,Monoculture replaced diverse crops. Farming focused on maximizing yields.,0:43-0:50,,,,,,,,,,,,
,,,,"Over time, problems appeared. Soil lost nutrients. Crops became weaker and more disease-prone.",0:50-1:01 ,,,,,,,,,,,,
,,,,Nutrient deficiencies increased. Farmers noticed stunted growth and lower yields.,1:01-1:09,,,,,,,,,,,,
,,,,"Science developed quick fixes. Fertilizers, herbicides, and GMOs became common solutions.",1:09-1:18,,,,,,,,,,,,
,,,,"These fixes addressed symptoms, not root causes. The ecosystem continued to decline.",1:18-1:29,,,,,,,,,,,,
,,,,"Soil degradation, biodiversity loss, and water pollution worsened. Farming became unsustainable.",1:29-1:39,,,,,,,,,,,,
,,,,"Industrial farming’s issues were clear. The fixes were temporary, not long-term solutions.",1:39-1:49,,,,,,,,,,,,
,,,,Sustainable agriculture offers a better way. It restores balance to farming.,1:49-2:08,,,,,,,,,,,,
,,,,"Regenerative farming, natural methods, and agroecology support nature.",2:08-2:18,,,,,,,,,,,,
,,,,"These practices enrich soil, boost biodiversity, and ensure long-term yields.",2:18-2:31,,,,,,,,,,,,
,,,,Working with nature improves farming. It benefits both farmers and the planet.,2:31-2:43,,,,,,,,,,,,
,,,,Industrial farming revealed its flaws. Deficiencies were warning signs.,2:43-2:50,,,,,,,,,,,,
,,,,Rethinking food production is necessary. Sustainability is the key.  ,2:50-3:03,,,,,,,,,,,,
,,,,"By embracing holistic solutions, we mend the ecosystem’s fabric.",3:03-3:13 ,,,,,,,,,,,,
,,,,A sustainable future is possible.,3:13-3:15,,,,,,,,,,,,